PID	Code	Description	Units	UnitType	CollectedOn
89	6019	FARM SP RC	20	AC	2024-12-04
89	6134	WPUNR-4	12	AC	2024-12-04
89	6334	OTUNR-4	6	AC	2024-12-04
89	6810	WETLANDS-REC	16	AC	2024-12-04
115	6019	FARM SP RC	10	AC	2024-12-04
115	6810	WETLANDS-REC	10	AC	2024-12-04
171	6335	OTUNR-5	1	AC	2024-12-04
171	6335	OTUNR-5	5	AC	2024-12-04
180	6323	OTUN-3	17	AC	2024-12-04
181	6333	OTUNR-3	1	AC	2024-12-04
181	6333	OTUNR-3	18	AC	2024-12-04
182	6123	WPUN-3	10	AC	2024-12-04
187	6515	FARMR-5	20	AC	2024-12-04
187	6335	OTUNR-5	22	AC	2024-12-04
188	6504	FARM-4	4	AC	2024-12-04
188	6224	HWUN-4	5	AC	2024-12-04
189	6134	WPUNR-4	36	AC	2024-12-04
190	6215	HWMR-5	1	AC	2024-12-04
190	6215	HWMR-5	18	AC	2024-12-04
190	6115	WPMR-5	4	AC	2024-12-04
191	6514	FARMR-4	1	AC	2024-12-04
191	6514	FARMR-4	5	AC	2024-12-04
191	6810	WETLANDS-REC	17	AC	2024-12-04
191	6234	HWUNR-4	32	AC	2024-12-04
191	6334	OTUNR-4	48	AC	2024-12-04
192	6125	WPUN-5	1	AC	2024-12-04
192	6225	HWUN-5	96	AC	2024-12-04
192	6125	WPUN-5	86	AC	2024-12-04
192	6505	FARM-5	7	AC	2024-12-04
194	6324	OTUN-4	2	AC	2024-12-04
197	6213	HWMR-3	1	AC	2024-12-04
197	6213	HWMR-3	75	AC	2024-12-04
197	6810	WETLANDS-REC	5	AC	2024-12-04
201	6225	HWUN-5	28	AC	2024-12-04
202	6136	WPUNR-6	10	AC	2024-12-04
202	6236	HWUNR-6	68	AC	2024-12-04
202	6336	OTUNR-6	24	AC	2024-12-04
202	6516	FARMR-6	4	AC	2024-12-04
204	6125	WPUN-5	23	AC	2024-12-04
204	6225	HWUN-5	20	AC	2024-12-04
204	6325	OTUN-5	4	AC	2024-12-04
206	6326	OTUN-6	14	AC	2024-12-04
207	6515	FARMR-5	0	AC	2024-12-04
207	6515	FARMR-5	5	AC	2024-12-04
207	6710	UNPRODUCTIVE-REC	4	AC	2024-12-04
207	6215	HWMR-5	30	AC	2024-12-04
207	6115	WPMR-5	19	AC	2024-12-04
207	6315	OTMR-5	66	AC	2024-12-04
217	6234	HWUNR-4	1	AC	2024-12-04
217	6234	HWUNR-4	19	AC	2024-12-04
217	6334	OTUNR-4	36	AC	2024-12-04
223	6334	OTUNR-4	10	AC	2024-12-04
223	6514	FARMR-4	0	AC	2024-12-04
230	6335	OTUNR-5	1	AC	2024-12-04
230	6335	OTUNR-5	11	AC	2024-12-04
230	6135	WPUNR-5	17	AC	2024-12-04
241	6235	HWUNR-5	113	AC	2024-12-04
241	6810	WETLANDS-REC	49	AC	2024-12-04
241	6515	FARMR-5	10	AC	2024-12-04
243	6505	FARM-5	1	AC	2024-12-04
246	6515	FARMR-5	1	AC	2024-12-04
246	6515	FARMR-5	17	AC	2024-12-04
246	6315	OTMR-5	14	AC	2024-12-04
250	6513	FARMR-3	1	AC	2024-12-04
250	6513	FARMR-3	5	AC	2024-12-04
250	6133	WPUNR-3	7	AC	2024-12-04
250	6333	OTUNR-3	7	AC	2024-12-04
251	6514	FARMR-4	0	AC	2024-12-04
251	6134	WPUNR-4	8	AC	2024-12-04
251	6334	OTUNR-4	4	AC	2024-12-04
251	6514	FARMR-4	5	AC	2024-12-04
252	6236	HWUNR-6	27	AC	2024-12-04
254	6516	FARMR-6	25	AC	2024-12-04
254	6810	WETLANDS-REC	3	AC	2024-12-04
254	6216	HWMR-6	23	AC	2024-12-04
277	6516	FARMR-6	1	AC	2024-12-04
277	6516	FARMR-6	3	AC	2024-12-04
278	6505	FARM-5	16	AC	2024-12-04
278	6030	WATERFR FF	90	FF	2024-12-04
278	6125	WPUN-5	25	AC	2024-12-04
280	6515	FARMR-5	1	AC	2024-12-04
280	6515	FARMR-5	15	AC	2024-12-04
280	6115	WPMR-5	30	AC	2024-12-04
280	6215	HWMR-5	17	AC	2024-12-04
280	6030	WATERFR FF	630	WF	2024-12-04
290	6505	FARM-5	10	AC	2024-12-04
290	6030	WATERFR FF	960	FF	2024-12-04
291	6515	FARMR-5	1	AC	2024-12-04
291	6515	FARMR-5	19	AC	2024-12-04
291	6030	WATERFR FF	1160	FF	2024-12-04
292	6800	WETLANDS	8	AC	2024-12-04
292	6017	FARM W/SPI	33	AC	2024-12-04
292	6224	HWUN-4	40	AC	2024-12-04
294	6134	WPUNR-4	19	AC	2024-12-04
294	6334	OTUNR-4	7	AC	2024-12-04
294	6810	WETLANDS-REC	4	AC	2024-12-04
294	6514	FARMR-4	5	AC	2024-12-04
301	6134	WPUNR-4	0	AC	2024-12-04
301	6134	WPUNR-4	2	AC	2024-12-04
301	6514	FARMR-4	9	AC	2024-12-04
307	6504	FARM-4	2	AC	2024-12-04
307	6124	WPUN-4	5	AC	2024-12-04
307	6224	HWUN-4	9	AC	2024-12-04
309	6505	FARM-5	6	AC	2024-12-04
309	6325	OTUN-5	51	AC	2024-12-04
309	6125	WPUN-5	20	AC	2024-12-04
310	6125	WPUN-5	0	AC	2024-12-04
310	6125	WPUN-5	14	AC	2024-12-04
311	6235	HWUNR-5	1	AC	2024-12-04
311	6235	HWUNR-5	32	AC	2024-12-04
311	6135	WPUNR-5	93	AC	2024-12-04
311	6335	OTUNR-5	20	AC	2024-12-04
313	6135	WPUNR-5	42	AC	2024-12-04
320	6514	FARMR-4	1	AC	2024-12-04
320	6514	FARMR-4	18	AC	2024-12-04
320	6135	WPUNR-5	23	AC	2024-12-04
320	6234	HWUNR-4	14	AC	2024-12-04
322	6114	WPMR-4	19	AC	2024-12-04
322	6514	FARMR-4	1	AC	2024-12-04
330	6235	HWUNR-5	0	AC	2024-12-04
330	6235	HWUNR-5	9	AC	2024-12-04
330	6810	WETLANDS-REC	3	AC	2024-12-04
334	6134	WPUNR-4	16	AC	2024-12-04
334	6334	OTUNR-4	50	AC	2024-12-04
344	6800	WETLANDS	8	AC	2024-12-04
344	6506	FARM-6	14	AC	2024-12-04
344	6226	HWUN-6	70	AC	2024-12-04
344	6506	FARM-6	0	AC	2024-12-04
347	6505	FARM-5	24	AC	2024-12-04
347	6800	WETLANDS	2	AC	2024-12-04
347	6325	OTUN-5	4	AC	2024-12-04
347	6505	FARM-5	0	AC	2024-12-04
361	6106	WPM-6	20	AC	2024-12-04
361	6306	OTM-6	16	AC	2024-12-04
361	6506	FARM-6	1	AC	2024-12-04
361	6700	UNPRODUCTIVE	1	AC	2024-12-04
365	6125	WPUN-5	26	AC	2024-12-04
365	6505	FARM-5	19	AC	2024-12-04
369	6515	FARMR-5	9	AC	2024-12-04
369	6810	WETLANDS-REC	5	AC	2024-12-04
369	6115	WPMR-5	6	AC	2024-12-04
369	6215	HWMR-5	13	AC	2024-12-04
369	6315	OTMR-5	6	AC	2024-12-04
369	6030	WATERFR FF	730	FF	2024-12-04
376	6335	OTUNR-5	46	AC	2024-12-04
377	6334	OTUNR-4	31	AC	2024-12-04
377	6134	WPUNR-4	34	AC	2024-12-04
377	6234	HWUNR-4	39	AC	2024-12-04
383	6235	HWUNR-5	1	AC	2024-12-04
383	6235	HWUNR-5	75	AC	2024-12-04
384	6505	FARM-5	13	AC	2024-12-04
384	6800	WETLANDS	4	AC	2024-12-04
384	6030	WATERFR FF	1570	FF	2024-12-04
407	6516	FARMR-6	1	AC	2024-12-04
407	6516	FARMR-6	39	AC	2024-12-04
407	6136	WPUNR-6	0	AC	2024-12-04
415	6516	FARMR-6	22	AC	2024-12-04
417	6515	FARMR-5	0	AC	2024-12-04
417	6335	OTUNR-5	24	AC	2024-12-04
417	6515	FARMR-5	25	AC	2024-12-04
417	6030	WATERFR FF	957	FF	2024-12-04
417	6810	WETLANDS-REC	2	AC	2024-12-04
429	6515	FARMR-5	10	AC	2024-12-04
446	6516	FARMR-6	11	AC	2024-12-04
446	6136	WPUNR-6	40	AC	2024-12-04
446	6236	HWUNR-6	37	AC	2024-12-04
448	6125	WPUN-5	13	AC	2024-12-04
450	6505	FARM-5	22	AC	2024-12-04
450	6304	OTM-4	211	AC	2024-12-04
450	6205	HWM-5	45	AC	2024-12-04
450	6810	WETLANDS-REC	5	AC	2024-12-04
450	6114	WPMR-4	104	AC	2024-12-04
454	6504	FARM-4	8	AC	2024-12-04
454	6800	WETLANDS	8	AC	2024-12-04
454	6104	WPM-4	74	AC	2024-12-04
454	6204	HWM-4	39	AC	2024-12-04
454	6506	FARM-6	14	AC	2024-12-04
454	6030	WATERFR FF	730	FF	2024-12-04
457	6506	FARM-6	14	AC	2024-12-04
457	6126	WPUN-6	18	AC	2024-12-04
460	6126	WPUN-6	24	AC	2024-12-04
461	6236	HWUNR-6	19	AC	2024-12-04
462	6506	FARM-6	2	AC	2024-12-04
462	6126	WPUN-6	2	AC	2024-12-04
462	6226	HWUN-6	3	AC	2024-12-04
462	6326	OTUN-6	2	AC	2024-12-04
463	6516	FARMR-6	1	AC	2024-12-04
463	6516	FARMR-6	8	AC	2024-12-04
463	6116	WPMR-6	6	AC	2024-12-04
463	6216	HWMR-6	6	AC	2024-12-04
463	6316	OTMR-6	8	AC	2024-12-04
465	6516	FARMR-6	36	AC	2024-12-04
472	6235	HWUNR-5	9	AC	2024-12-04
472	6135	WPUNR-5	3	AC	2024-12-04
475	6515	FARMR-5	37	AC	2024-12-04
476	6504	FARM-4	11	AC	2024-12-04
476	6304	OTM-4	19	AC	2024-12-04
476	6104	WPM-4	4	AC	2024-12-04
478	6503	FARM-3	41	AC	2024-12-04
478	6113	WPMR-3	26	AC	2024-12-04
478	6313	OTMR-3	36	AC	2024-12-04
478	6213	HWMR-3	110	AC	2024-12-04
479	6515	FARMR-5	10	AC	2024-12-04
479	6135	WPUNR-5	23	AC	2024-12-04
479	6235	HWUNR-5	36	AC	2024-12-04
479	6335	OTUNR-5	32	AC	2024-12-04
480	6335	OTUNR-5	11	AC	2024-12-04
482	6135	WPUNR-5	0	AC	2024-12-04
482	6135	WPUNR-5	14	AC	2024-12-04
491	6116	WPMR-6	6	AC	2024-12-04
491	6611	FARM SPIR	26	AC	2024-12-04
491	6030	WATERFR FF	671	FF	2024-12-04
491	6216	HWMR-6	17	AC	2024-12-04
491	6316	OTMR-6	45	AC	2024-12-04
491	6810	WETLANDS-REC	6	AC	2024-12-04
493	6515	FARMR-5	10	AC	2024-12-04
493	6235	HWUNR-5	53	AC	2024-12-04
493	6810	WETLANDS-REC	1	AC	2024-12-04
493	6030	WATERFR FF	1040	FF	2024-12-04
494	6114	WPMR-4	66	AC	2024-12-04
494	6030	WATERFR FF	1282	FF	2024-12-04
494	6214	HWMR-4	52	AC	2024-12-04
505	6503	FARM-3	6	AC	2024-12-04
505	6800	WETLANDS	16	AC	2024-12-04
505	6030	WATERFR FF	2320	FF	2024-12-04
507	6019	FARM SP RC	49	AC	2024-12-04
507	6030	WATERFR FF	840	FF	2024-12-04
507	6516	FARMR-6	67	AC	2024-12-04
510	6506	FARM-6	5	AC	2024-12-04
510	6326	OTUN-6	5	AC	2024-12-04
512	6506	FARM-6	1	AC	2024-12-04
512	6226	HWUN-6	14	AC	2024-12-04
512	6506	FARM-6	20	AC	2024-12-04
514	6506	FARM-6	13	AC	2024-12-04
517	6505	FARM-5	12	AC	2024-12-04
517	6800	WETLANDS	0	AC	2024-12-04
530	6326	OTUN-6	1	AC	2024-12-04
533	6515	FARMR-5	0	AC	2024-12-04
533	6515	FARMR-5	13	AC	2024-12-04
538	6104	WPM-4	16	AC	2024-12-04
540	6124	WPUN-4	20	AC	2024-12-04
543	6134	WPUNR-4	1	AC	2024-12-04
543	6134	WPUNR-4	7	AC	2024-12-04
543	6810	WETLANDS-REC	5	AC	2024-12-04
546	6125	WPUN-5	9	AC	2024-12-04
546	6505	FARM-5	3	AC	2024-12-04
552	6125	WPUN-5	40	AC	2024-12-04
559	6516	FARMR-6	0	AC	2024-12-04
559	6516	FARMR-6	10	AC	2024-12-04
564	6135	WPUNR-5	8	AC	2024-12-04
564	6515	FARMR-5	38	AC	2024-12-04
564	6030	WATERFR FF	1700	FF	2024-12-04
565	6515	FARMR-5	5	AC	2024-12-04
565	6135	WPUNR-5	4	AC	2024-12-04
565	6235	HWUNR-5	9	AC	2024-12-04
569	6506	FARM-6	6	AC	2024-12-04
569	6126	WPUN-6	8	AC	2024-12-04
569	6226	HWUN-6	1	AC	2024-12-04
569	6030	WATERFR FF	592	FF	2024-12-04
570	6505	FARM-5	25	AC	2024-12-04
570	6030	WATERFR FF	397	FF	2024-12-04
575	6505	FARM-5	18	AC	2024-12-04
575	6800	WETLANDS	1	AC	2024-12-04
575	6030	WATERFR FF	1010	FF	2024-12-04
578	6506	FARM-6	10	AC	2024-12-04
578	6030	WATERFR FF	307	FF	2024-12-04
579	6336	OTUNR-6	8	AC	2024-12-04
581	6506	FARM-6	0	AC	2024-12-04
581	6506	FARM-6	38	AC	2024-12-04
581	6900	FLOOPLAINS	1	AC	2024-12-04
581	6126	WPUN-6	9	AC	2024-12-04
582	6504	FARM-4	10	AC	2024-12-04
582	6124	WPUN-4	51	AC	2024-12-04
582	6900	FLOOPLAINS	1	AC	2024-12-04
584	6515	FARMR-5	28	AC	2024-12-04
584	6710	UNPRODUCTIVE-REC	6	AC	2024-12-04
584	6235	HWUNR-5	25	AC	2024-12-04
591	6225	HWUN-5	0	AC	2024-12-04
591	6225	HWUN-5	9	AC	2024-12-04
591	6125	WPUN-5	8	AC	2024-12-04
591	6505	FARM-5	1	AC	2024-12-04
592	6126	WPUN-6	1	AC	2024-12-04
592	6126	WPUN-6	4	AC	2024-12-04
593	6126	WPUN-6	17	AC	2024-12-04
594	6136	WPUNR-6	5	AC	2024-12-04
597	6506	FARM-6	14	AC	2024-12-04
603	6515	FARMR-5	1	AC	2024-12-04
603	6515	FARMR-5	57	AC	2024-12-04
611	6504	FARM-4	19	AC	2024-12-04
611	6104	WPM-4	10	AC	2024-12-04
611	6204	HWM-4	14	AC	2024-12-04
611	6304	OTM-4	82	AC	2024-12-04
618	6514	FARMR-4	36	AC	2024-12-04
618	6134	WPUNR-4	11	AC	2024-12-04
618	6234	HWUNR-4	11	AC	2024-12-04
618	6333	OTUNR-3	9	AC	2024-12-04
618	6710	UNPRODUCTIVE-REC	7	AC	2024-12-04
620	6123	WPUN-3	30	AC	2024-12-04
620	6223	HWUN-3	25	AC	2024-12-04
620	6323	OTUN-3	30	AC	2024-12-04
621	6516	FARMR-6	2	AC	2024-12-04
621	6136	WPUNR-6	5	AC	2024-12-04
621	6236	HWUNR-6	5	AC	2024-12-04
621	6336	OTUNR-6	2	AC	2024-12-04
623	6516	FARMR-6	17	AC	2024-12-04
624	6124	WPUN-4	14	AC	2024-12-04
624	6224	HWUN-4	11	AC	2024-12-04
624	6324	OTUN-4	14	AC	2024-12-04
626	6306	OTM-6	25	AC	2024-12-04
626	6106	WPM-6	10	AC	2024-12-04
627	6710	UNPRODUCTIVE-REC	13	AC	2024-12-04
627	6234	HWUNR-4	10	AC	2024-12-04
627	6334	OTUNR-4	9	AC	2024-12-04
634	6213	HWMR-3	169	AC	2024-12-04
634	6113	WPMR-3	22	AC	2024-12-04
634	6810	WETLANDS-REC	15	AC	2024-12-04
634	6213	HWMR-3	1	AC	2024-12-04
638	6502	FARM-2	4	AC	2024-12-04
638	6322	OTUN-2	42	AC	2024-12-04
639	6505	FARM-5	0	AC	2024-12-04
639	6225	HWUN-5	41	AC	2024-12-04
639	6505	FARM-5	3	AC	2024-12-04
639	6125	WPUN-5	12	AC	2024-12-04
639	6325	OTUN-5	9	AC	2024-12-04
639	6700	UNPRODUCTIVE	7	AC	2024-12-04
647	6325	OTUN-5	0	AC	2024-12-04
647	6325	OTUN-5	5	AC	2024-12-04
647	6125	WPUN-5	2	AC	2024-12-04
647	6800	WETLANDS	3	AC	2024-12-04
654	6325	OTUN-5	50	AC	2024-12-04
673	6233	HWUNR-3	10	AC	2024-12-04
675	6324	OTUN-4	16	AC	2024-12-04
689	6325	OTUN-5	11	AC	2024-12-04
691	6505	FARM-5	17	AC	2024-12-04
691	6800	WETLANDS	2	AC	2024-12-04
697	6506	FARM-6	0	AC	2024-12-04
697	6506	FARM-6	4	AC	2024-12-04
697	6126	WPUN-6	5	AC	2024-12-04
717	6610	SPI FARMR	1	AC	2024-12-04
717	6610	SPI FARMR	20	AC	2024-12-04
717	6115	WPMR-5	12	AC	2024-12-04
717	6810	WETLANDS-REC	6	AC	2024-12-04
717	6315	OTMR-5	35	AC	2024-12-04
719	6325	OTUN-5	10	AC	2024-12-04
719	6019	FARM SP RC	0	AC	2024-12-04
724	6506	FARM-6	48	AC	2024-12-04
724	6800	WETLANDS	7	AC	2024-12-04
724	6506	FARM-6	6	AC	2024-12-04
725	6506	FARM-6	10	AC	2024-12-04
737	6225	HWUN-5	19	AC	2024-12-04
741	6326	OTUN-6	0	AC	2024-12-04
741	6326	OTUN-6	29	AC	2024-12-04
742	6226	HWUN-6	11	AC	2024-12-04
742	6800	WETLANDS	2	AC	2024-12-04
744	6505	FARM-5	9	AC	2024-12-04
744	6325	OTUN-5	7	AC	2024-12-04
745	6515	FARMR-5	1	AC	2024-12-04
745	6515	FARMR-5	20	AC	2024-12-04
748	6234	HWUNR-4	20	AC	2024-12-04
748	6810	WETLANDS-REC	7	AC	2024-12-04
749	6224	HWUN-4	26	AC	2024-12-04
749	6800	WETLANDS	7	AC	2024-12-04
751	6225	HWUN-5	10	AC	2024-12-04
752	6125	WPUN-5	9	AC	2024-12-04
752	6225	HWUN-5	4	AC	2024-12-04
752	6800	WETLANDS	1	AC	2024-12-04
753	6226	HWUN-6	22	AC	2024-12-04
754	6515	FARMR-5	5	AC	2024-12-04
754	6135	WPUNR-5	23	AC	2024-12-04
754	6235	HWUNR-5	20	AC	2024-12-04
754	6335	OTUNR-5	20	AC	2024-12-04
754	6710	UNPRODUCTIVE-REC	8	AC	2024-12-04
756	6314	OTMR-4	10	AC	2024-12-04
756	6214	HWMR-4	67	AC	2024-12-04
758	6134	WPUNR-4	8	AC	2024-12-04
758	6234	HWUNR-4	7	AC	2024-12-04
760	6324	OTUN-4	44	AC	2024-12-04
762	6303	OTM-3	1	AC	2024-12-04
762	6303	OTM-3	20	AC	2024-12-04
765	6515	FARMR-5	5	AC	2024-12-04
767	6504	FARM-4	44	AC	2024-12-04
767	6224	HWUN-4	88	AC	2024-12-04
770	6505	FARM-5	1	AC	2024-12-04
770	6505	FARM-5	10	AC	2024-12-04
770	6125	WPUN-5	11	AC	2024-12-04
770	6800	WETLANDS	3	AC	2024-12-04
782	6124	WPUN-4	32	AC	2024-12-04
785	6332	OTUNR-2	68	AC	2024-12-04
786	6134	WPUNR-4	19	AC	2024-12-04
789	6800	WETLANDS	0	AC	2024-12-04
789	6504	FARM-4	2	AC	2024-12-04
789	6305	OTM-5	7	AC	2024-12-04
793	6503	FARM-3	1	AC	2024-12-04
793	6503	FARM-3	1	AC	2024-12-04
793	6103	WPM-3	20	AC	2024-12-04
793	6303	OTM-3	14	AC	2024-12-04
798	6125	WPUN-5	61	AC	2024-12-04
798	6225	HWUN-5	120	AC	2024-12-04
800	6506	FARM-6	10	AC	2024-12-04
801	6506	FARM-6	40	AC	2024-12-04
801	6316	OTMR-6	9	AC	2024-12-04
801	6106	WPM-6	12	AC	2024-12-04
801	6206	HWM-6	43	AC	2024-12-04
804	6225	HWUN-5	45	AC	2024-12-04
806	6326	OTUN-6	0	AC	2024-12-04
806	6506	FARM-6	0	AC	2024-12-04
806	6226	HWUN-6	15	AC	2024-12-04
806	6326	OTUN-6	4	AC	2024-12-04
807	6335	OTUNR-5	1	AC	2024-12-04
807	6335	OTUNR-5	184	AC	2024-12-04
807	6515	FARMR-5	20	AC	2024-12-04
810	6225	HWUN-5	5	AC	2024-12-04
810	6505	FARM-5	10	AC	2024-12-04
811	6325	OTUN-5	20	AC	2024-12-04
812	6324	OTUN-4	7	AC	2024-12-04
816	6504	FARM-4	7	AC	2024-12-04
816	6324	OTUN-4	10	AC	2024-12-04
820	6515	FARMR-5	3	AC	2024-12-04
820	6235	HWUNR-5	7	AC	2024-12-04
821	6236	HWUNR-6	1	AC	2024-12-04
821	6236	HWUNR-6	13	AC	2024-12-04
821	6336	OTUNR-6	7	AC	2024-12-04
826	6324	OTUN-4	14	AC	2024-12-04
826	6324	OTUN-4	10	AC	2024-12-04
827	6514	FARMR-4	20	AC	2024-12-04
827	6114	WPMR-4	29	AC	2024-12-04
827	6214	HWMR-4	22	AC	2024-12-04
827	6314	OTMR-4	11	AC	2024-12-04
829	6515	FARMR-5	16	AC	2024-12-04
836	6505	FARM-5	0	AC	2024-12-04
836	6505	FARM-5	13	AC	2024-12-04
836	6030	WATERFR FF	400	WF	2024-12-04
837	6505	FARM-5	0	AC	2024-12-04
837	1091	MULTI HSES	0	SF	2024-12-04
837	1091	MULTI HSES	0	SF	2024-12-04
839	6505	FARM-5	0	AC	2024-12-04
839	6800	WETLANDS	2	AC	2024-12-04
839	6505	FARM-5	11	AC	2024-12-04
839	6325	OTUN-5	26	AC	2024-12-04
844	6235	HWUNR-5	0	AC	2024-12-04
844	6235	HWUNR-5	13	AC	2024-12-04
844	6135	WPUNR-5	16	AC	2024-12-04
844	6335	OTUNR-5	14	AC	2024-12-04
844	6030	WATERFR FF	865	WF	2024-12-04
851	6333	OTUNR-3	34	AC	2024-12-04
851	6030	WATERFR FF	490	WF	2024-12-04
858	6516	FARMR-6	1	AC	2024-12-04
858	6120	WPUN-0	20	AC	2024-12-04
858	6516	FARMR-6	17	AC	2024-12-04
860	6234	HWUNR-4	1	AC	2024-12-04
860	6234	HWUNR-4	19	AC	2024-12-04
860	6134	WPUNR-4	45	AC	2024-12-04
860	6334	OTUNR-4	11	AC	2024-12-04
863	6335	OTUNR-5	1	AC	2024-12-04
863	6335	OTUNR-5	7	AC	2024-12-04
864	6335	OTUNR-5	1	AC	2024-12-04
864	6335	OTUNR-5	7	AC	2024-12-04
865	6333	OTUNR-3	14	AC	2024-12-04
865	6133	WPUNR-3	19	AC	2024-12-04
865	6513	FARMR-3	4	AC	2024-12-04
867	6503	FARM-3	5	AC	2024-12-04
867	6223	HWUN-3	20	AC	2024-12-04
867	6323	OTUN-3	13	AC	2024-12-04
868	6124	WPUN-4	8	AC	2024-12-04
868	6224	HWUN-4	0	AC	2024-12-04
868	6504	FARM-4	0	AC	2024-12-04
868	6324	OTUN-4	13	AC	2024-12-04
872	6223	HWUN-3	8	AC	2024-12-04
872	6323	OTUN-3	8	AC	2024-12-04
873	6810	WETLANDS-REC	2	AC	2024-12-04
873	6515	FARMR-5	47	AC	2024-12-04
873	6135	WPUNR-5	49	AC	2024-12-04
873	6235	HWUNR-5	24	AC	2024-12-04
873	6335	OTUNR-5	15	AC	2024-12-04
876	6136	WPUNR-6	6	AC	2024-12-04
876	6516	FARMR-6	8	AC	2024-12-04
877	6516	FARMR-6	10	AC	2024-12-04
878	6125	WPUN-5	14	AC	2024-12-04
879	6126	WPUN-6	13	AC	2024-12-04
880	6123	WPUN-3	10	AC	2024-12-04
881	6333	OTUNR-3	16	AC	2024-12-04
883	6502	FARM-2	0	AC	2024-12-04
883	6700	UNPRODUCTIVE	30	AC	2024-12-04
883	6502	FARM-2	18	AC	2024-12-04
884	6133	WPUNR-3	8	AC	2024-12-04
884	6233	HWUNR-3	2	AC	2024-12-04
884	6333	OTUNR-3	9	AC	2024-12-04
887	6513	FARMR-3	3	AC	2024-12-04
887	6133	WPUNR-3	5	AC	2024-12-04
887	6233	HWUNR-3	20	AC	2024-12-04
888	6124	WPUN-4	1	AC	2024-12-04
888	6124	WPUN-4	0	AC	2024-12-04
888	6514	FARMR-4	0	AC	2024-12-04
888	6234	HWUNR-4	3	AC	2024-12-04
888	6334	OTUNR-4	7	AC	2024-12-04
891	6325	OTUN-5	11	AC	2024-12-04
891	6325	OTUN-5	0	AC	2024-12-04
892	6515	FARMR-5	5	AC	2024-12-04
892	6710	UNPRODUCTIVE-REC	6	AC	2024-12-04
892	6135	WPUNR-5	10	AC	2024-12-04
892	6235	HWUNR-5	16	AC	2024-12-04
892	6335	OTUNR-5	2	AC	2024-12-04
892	6515	FARMR-5	1	AC	2024-12-04
892	6515	FARMR-5	1	AC	2024-12-04
895	6516	FARMR-6	10	AC	2024-12-04
896	6505	FARM-5	10	AC	2024-12-04
897	6506	FARM-6	1	AC	2024-12-04
897	6506	FARM-6	13	AC	2024-12-04
898	6226	HWUN-6	1	AC	2024-12-04
898	6226	HWUN-6	12	AC	2024-12-04
899	6226	HWUN-6	28	AC	2024-12-04
900	6506	FARM-6	10	AC	2024-12-04
900	6326	OTUN-6	7	AC	2024-12-04
900	6800	WETLANDS	12	AC	2024-12-04
907	6233	HWUNR-3	1	AC	2024-12-04
907	6233	HWUNR-3	9	AC	2024-12-04
907	6133	WPUNR-3	0	AC	2024-12-04
908	6514	FARMR-4	1	AC	2024-12-04
908	6514	FARMR-4	9	AC	2024-12-04
908	6134	WPUNR-4	3	AC	2024-12-04
909	6800	WETLANDS	4	AC	2024-12-04
909	6505	FARM-5	26	AC	2024-12-04
909	6325	OTUN-5	77	AC	2024-12-04
910	6505	FARM-5	20	AC	2024-12-04
910	6225	HWUN-5	0	AC	2024-12-04
911	6504	FARM-4	18	AC	2024-12-04
911	6124	WPUN-4	38	AC	2024-12-04
911	6224	HWUN-4	18	AC	2024-12-04
911	6324	OTUN-4	27	AC	2024-12-04
912	6504	FARM-4	1	AC	2024-12-04
912	6504	FARM-4	9	AC	2024-12-04
920	6124	WPUN-4	13	AC	2024-12-04
921	6123	WPUN-3	10	AC	2024-12-04
924	6516	FARMR-6	1	AC	2024-12-04
924	6236	HWUNR-6	38	AC	2024-12-04
924	6516	FARMR-6	0	AC	2024-12-04
924	6136	WPUNR-6	4	AC	2024-12-04
924	6810	WETLANDS-REC	16	AC	2024-12-04
934	6115	WPMR-5	1	AC	2024-12-04
934	6315	OTMR-5	3	AC	2024-12-04
934	6215	HWMR-5	2	AC	2024-12-04
934	6115	WPMR-5	9	AC	2024-12-04
934	6515	FARMR-5	0	AC	2024-12-04
939	6515	FARMR-5	4	AC	2024-12-04
939	6215	HWMR-5	1	AC	2024-12-04
939	6315	OTMR-5	16	AC	2024-12-04
939	6115	WPMR-5	21	AC	2024-12-04
939	6810	WETLANDS-REC	0	AC	2024-12-04
940	6233	HWUNR-3	3	AC	2024-12-04
940	6133	WPUNR-3	7	AC	2024-12-04
940	6513	FARMR-3	1	AC	2024-12-04
940	6513	FARMR-3	0	AC	2024-12-04
944	6710	UNPRODUCTIVE-REC	3	AC	2024-12-04
944	6513	FARMR-3	15	AC	2024-12-04
944	6333	OTUNR-3	1	AC	2024-12-04
949	6515	FARMR-5	24	AC	2024-12-04
949	6135	WPUNR-5	40	AC	2024-12-04
949	6235	HWUNR-5	8	AC	2024-12-04
949	6335	OTUNR-5	28	AC	2024-12-04
949	6710	UNPRODUCTIVE-REC	10	AC	2024-12-04
968	6125	WPUN-5	19	AC	2024-12-04
968	6505	FARM-5	5	AC	2024-12-04
972	6135	WPUNR-5	1	AC	2024-12-04
972	6135	WPUNR-5	11	AC	2024-12-04
974	6225	HWUN-5	16	AC	2024-12-04
975	6324	OTUN-4	1	AC	2024-12-04
975	6324	OTUN-4	18	AC	2024-12-04
987	6515	FARMR-5	15	AC	2024-12-04
987	6135	WPUNR-5	48	AC	2024-12-04
987	6235	HWUNR-5	15	AC	2024-12-04
990	6233	HWUNR-3	5	AC	2024-12-04
990	6333	OTUNR-3	5	AC	2024-12-04
992	6135	WPUNR-5	1	AC	2024-12-04
992	6135	WPUNR-5	24	AC	2024-12-04
992	6235	HWUNR-5	104	AC	2024-12-04
992	6335	OTUNR-5	78	AC	2024-12-04
998	6325	OTUN-5	28	AC	2024-12-04
1002	6225	HWUN-5	1	AC	2024-12-04
1002	6225	HWUN-5	57	AC	2024-12-04
1003	6226	HWUN-6	26	AC	2024-12-04
1009	6514	FARMR-4	1	AC	2024-12-04
1009	6514	FARMR-4	26	AC	2024-12-04
1009	6134	WPUNR-4	14	AC	2024-12-04
1009	6334	OTUNR-4	34	AC	2024-12-04
1018	6236	HWUNR-6	0	AC	2024-12-04
1018	6236	HWUNR-6	11	AC	2024-12-04
1022	6810	WETLANDS-REC	10	AC	2024-12-04
1022	6514	FARMR-4	20	AC	2024-12-04
1022	6234	HWUNR-4	10	AC	2024-12-04
1022	6134	WPUNR-4	9	AC	2024-12-04
1026	6516	FARMR-6	10	AC	2024-12-04
1026	6236	HWUNR-6	2	AC	2024-12-04
1027	6224	HWUN-4	1	AC	2024-12-04
1027	6224	HWUN-4	175	AC	2024-12-04
1027	6124	WPUN-4	30	AC	2024-12-04
1027	6324	OTUN-4	35	AC	2024-12-04
1030	6504	FARM-4	12	AC	2024-12-04
1031	6233	HWUNR-3	10	AC	2024-12-04
1033	6124	WPUN-4	25	AC	2024-12-04
1033	6224	HWUN-4	1	AC	2024-12-04
1034	6114	WPMR-4	17	AC	2024-12-04
1034	6214	HWMR-4	13	AC	2024-12-04
1034	6314	OTMR-4	5	AC	2024-12-04
1039	6224	HWUN-4	0	AC	2024-12-04
1039	6224	HWUN-4	0	AC	2024-12-04
1039	6224	HWUN-4	80	AC	2024-12-04
1052	6224	HWUN-4	21	AC	2024-12-04
1053	6515	FARMR-5	21	AC	2024-12-04
1053	6215	HWMR-5	89	AC	2024-12-04
1053	6315	OTMR-5	77	AC	2024-12-04
1053	6112	WPMR-2	46	AC	2024-12-04
1054	6516	FARMR-6	30	AC	2024-12-04
1054	6216	HWMR-6	52	AC	2024-12-04
1055	6124	WPUN-4	1	AC	2024-12-04
1055	6124	WPUN-4	112	AC	2024-12-04
1057	6224	HWUN-4	1	AC	2024-12-04
1057	6224	HWUN-4	12	AC	2024-12-04
1057	6324	OTUN-4	15	AC	2024-12-04
1058	6226	HWUN-6	0	AC	2024-12-04
1058	6226	HWUN-6	25	AC	2024-12-04
1060	6335	OTUNR-5	10	AC	2024-12-04
1060	6235	HWUNR-5	26	AC	2024-12-04
1060	6515	FARMR-5	6	AC	2024-12-04
1064	6226	HWUN-6	28	AC	2024-12-04
1064	6506	FARM-6	11	AC	2024-12-04
1064	6326	OTUN-6	7	AC	2024-12-04
1064	6800	WETLANDS	1	AC	2024-12-04
1064	6126	WPUN-6	5	AC	2024-12-04
1068	6234	HWUNR-4	18	AC	2024-12-04
1068	6514	FARMR-4	17	AC	2024-12-04
1068	6334	OTUNR-4	13	AC	2024-12-04
1069	6515	FARMR-5	1	AC	2024-12-04
1069	6515	FARMR-5	3	AC	2024-12-04
1069	6335	OTUNR-5	7	AC	2024-12-04
1076	6515	FARMR-5	1	AC	2024-12-04
1076	6515	FARMR-5	3	AC	2024-12-04
1076	6135	WPUNR-5	30	AC	2024-12-04
1077	6234	HWUNR-4	1	AC	2024-12-04
1077	6234	HWUNR-4	524	AC	2024-12-04
1079	6133	WPUNR-3	1	AC	2024-12-04
1079	6326	OTUN-6	0	AC	2024-12-04
1081	6133	WPUNR-3	0	AC	2024-12-04
1083	6333	OTUNR-3	1	AC	2024-12-04
1083	6333	OTUNR-3	115	AC	2024-12-04
1084	6133	WPUNR-3	0	AC	2024-12-04
1085	6124	WPUN-4	1	AC	2024-12-04
1085	6224	HWUN-4	7	AC	2024-12-04
1085	6124	WPUN-4	5	AC	2024-12-04
1096	6516	FARMR-6	24	AC	2024-12-04
1096	6236	HWUNR-6	52	AC	2024-12-04
1097	6234	HWUNR-4	1	AC	2024-12-04
1097	6234	HWUNR-4	52	AC	2024-12-04
1097	6333	OTUNR-3	16	AC	2024-12-04
1097	6133	WPUNR-3	26	AC	2024-12-04
1103	6335	OTUNR-5	1	AC	2024-12-04
1103	6335	OTUNR-5	22	AC	2024-12-04
1103	6135	WPUNR-5	15	AC	2024-12-04
1104	6515	FARMR-5	0	AC	2024-12-04
1104	6515	FARMR-5	13	AC	2024-12-04
1104	6135	WPUNR-5	7	AC	2024-12-04
1104	6810	WETLANDS-REC	10	AC	2024-12-04
1104	6235	HWUNR-5	8	AC	2024-12-04
1105	6504	FARM-4	0	AC	2024-12-04
1105	6324	OTUN-4	10	AC	2024-12-04
1105	6504	FARM-4	26	AC	2024-12-04
1105	6800	WETLANDS	3	AC	2024-12-04
1109	6334	OTUNR-4	44	AC	2024-12-04
1109	6514	FARMR-4	8	AC	2024-12-04
1113	6134	WPUNR-4	38	AC	2024-12-04
1113	6810	WETLANDS-REC	21	AC	2024-12-04
1113	6514	FARMR-4	7	AC	2024-12-04
1120	6700	UNPRODUCTIVE	11	AC	2024-12-04
1120	6124	WPUN-4	2	AC	2024-12-04
1120	6800	WETLANDS	10	AC	2024-12-04
1120	6700	UNPRODUCTIVE	0	AC	2024-12-04
1127	6515	FARMR-5	21	AC	2024-12-04
1127	6335	OTUNR-5	4	AC	2024-12-04
1127	6810	WETLANDS-REC	1	AC	2024-12-04
1129	6335	OTUNR-5	1	AC	2024-12-04
1129	6335	OTUNR-5	2	AC	2024-12-04
1131	6235	HWUNR-5	63	AC	2024-12-04
1132	6516	FARMR-6	4	AC	2024-12-04
1132	6136	WPUNR-6	34	AC	2024-12-04
1132	6236	HWUNR-6	48	AC	2024-12-04
1144	6515	FARMR-5	2	AC	2024-12-04
1144	6135	WPUNR-5	12	AC	2024-12-04
1149	6505	FARM-5	6	AC	2024-12-04
1149	6325	OTUN-5	6	AC	2024-12-04
1149	6800	WETLANDS	10	AC	2024-12-04
1152	6334	OTUNR-4	1	AC	2024-12-04
1152	6334	OTUNR-4	23	AC	2024-12-04
1152	6134	WPUNR-4	30	AC	2024-12-04
1152	6234	HWUNR-4	5	AC	2024-12-04
1155	6235	HWUNR-5	1	AC	2024-12-04
1155	6235	HWUNR-5	16	AC	2024-12-04
1156	6224	HWUN-4	13	AC	2024-12-04
1157	6224	HWUN-4	9	AC	2024-12-04
1158	6135	WPUNR-5	1	AC	2024-12-04
1158	6135	WPUNR-5	29	AC	2024-12-04
1158	6235	HWUNR-5	6	AC	2024-12-04
1158	6810	WETLANDS-REC	1	AC	2024-12-04
1163	6235	HWUNR-5	1	AC	2024-12-04
1163	6235	HWUNR-5	54	AC	2024-12-04
1164	6335	OTUNR-5	1	AC	2024-12-04
1164	6810	WETLANDS-REC	86	AC	2024-12-04
1164	6335	OTUNR-5	1324	AC	2024-12-04
1164	6235	HWUNR-5	665	AC	2024-12-04
1169	6225	HWUN-5	12	AC	2024-12-04
1170	6225	HWUN-5	26	AC	2024-12-04
1171	6225	HWUN-5	1	AC	2024-12-04
1171	6225	HWUN-5	13	AC	2024-12-04
1173	6324	OTUN-4	9	AC	2024-12-04
1173	6224	HWUN-4	54	AC	2024-12-04
1177	6232	HWUNR-2	1	AC	2024-12-04
1177	6232	HWUNR-2	285	AC	2024-12-04
1186	6233	HWUNR-3	1	AC	2024-12-04
1186	6233	HWUNR-3	22	AC	2024-12-04
1187	6225	HWUN-5	1	AC	2024-12-04
1187	6225	HWUN-5	5	AC	2024-12-04
1188	6203	HWM-3	96	AC	2024-12-04
1189	6134	WPUNR-4	1	AC	2024-12-04
1189	6134	WPUNR-4	29	AC	2024-12-04
1189	6234	HWUNR-4	30	AC	2024-12-04
1189	6334	OTUNR-4	35	AC	2024-12-04
1214	6334	OTUNR-4	5	AC	2024-12-04
1215	6134	WPUNR-4	1	AC	2024-12-04
1215	6134	WPUNR-4	40	AC	2024-12-04
1222	6135	WPUNR-5	10	AC	2024-12-04
1222	6235	HWUNR-5	1	AC	2024-12-04
1223	6135	WPUNR-5	1	AC	2024-12-04
1223	6135	WPUNR-5	11	AC	2024-12-04
1223	6235	HWUNR-5	39	AC	2024-12-04
1223	6335	OTUNR-5	32	AC	2024-12-04
1223	6515	FARMR-5	6	AC	2024-12-04
1225	6325	OTUN-5	11	AC	2024-12-04
1226	6224	HWUN-4	42	AC	2024-12-04
1227	6810	WETLANDS-REC	7	AC	2024-12-04
1227	6514	FARMR-4	5	AC	2024-12-04
1227	6334	OTUNR-4	49	AC	2024-12-04
1228	6224	HWUN-4	35	AC	2024-12-04
1228	6324	OTUN-4	33	AC	2024-12-04
1229	6234	HWUNR-4	10	AC	2024-12-04
1230	6225	HWUN-5	25	AC	2024-12-04
1230	6325	OTUN-5	12	AC	2024-12-04
1243	6235	HWUNR-5	1	AC	2024-12-04
1243	6135	WPUNR-5	9	AC	2024-12-04
1243	6335	OTUNR-5	1	AC	2024-12-04
1243	6515	FARMR-5	6	AC	2024-12-04
1243	6810	WETLANDS-REC	6	AC	2024-12-04
1243	6710	UNPRODUCTIVE-REC	6	AC	2024-12-04
1247	6516	FARMR-6	8	AC	2024-12-04
1247	6136	WPUNR-6	8	AC	2024-12-04
1247	6336	OTUNR-6	5	AC	2024-12-04
1248	6235	HWUNR-5	13	AC	2024-12-04
1251	6505	FARM-5	10	AC	2024-12-04
1263	6810	WETLANDS-REC	6	AC	2024-12-04
1263	6710	UNPRODUCTIVE-REC	6	AC	2024-12-04
1263	6516	FARMR-6	5	AC	2024-12-04
1263	6136	WPUNR-6	11	AC	2024-12-04
1263	6236	HWUNR-6	0	AC	2024-12-04
1263	6336	OTUNR-6	5	AC	2024-12-04
1263	6236	HWUNR-6	2	AC	2024-12-04
1269	6206	HWM-6	15	AC	2024-12-04
1269	6700	UNPRODUCTIVE	4	AC	2024-12-04
1272	6134	WPUNR-4	12	AC	2024-12-04
1272	6234	HWUNR-4	11	AC	2024-12-04
1272	6334	OTUNR-4	43	AC	2024-12-04
1277	6334	OTUNR-4	1	AC	2024-12-04
1277	6334	OTUNR-4	47	AC	2024-12-04
1277	6134	WPUNR-4	101	AC	2024-12-04
1289	6212	HWMR-2	88	AC	2024-12-04
1291	6332	OTUNR-2	12	AC	2024-12-04
1298	6236	HWUNR-6	28	AC	2024-12-04
1304	6233	HWUNR-3	339	AC	2024-12-04
1309	6235	HWUNR-5	79	AC	2024-12-04
1313	6224	HWUN-4	17	AC	2024-12-04
1319	6225	HWUN-5	0	AC	2024-12-04
1319	6225	HWUN-5	19	AC	2024-12-04
1326	6235	HWUNR-5	20	AC	2024-12-04
1332	6232	HWUNR-2	55	AC	2024-12-04
1333	6226	HWUN-6	10	AC	2024-12-04
1333	6326	OTUN-6	10	AC	2024-12-04
1336	6133	WPUNR-3	17	AC	2024-12-04
1336	6233	HWUNR-3	76	AC	2024-12-04
1336	6333	OTUNR-3	24	AC	2024-12-04
1336	6810	WETLANDS-REC	28	AC	2024-12-04
1337	6234	HWUNR-4	1	AC	2024-12-04
1337	6234	HWUNR-4	12	AC	2024-12-04
1338	6334	OTUNR-4	3	AC	2024-12-04
1344	6213	HWMR-3	244	AC	2024-12-04
1344	6313	OTMR-3	45	AC	2024-12-04
1344	6810	WETLANDS-REC	4	AC	2024-12-04
1352	6314	OTMR-4	56	AC	2024-12-04
1352	6114	WPMR-4	2	AC	2024-12-04
1352	6514	FARMR-4	4	AC	2024-12-04
1352	6810	WETLANDS-REC	1	AC	2024-12-04
1352	6710	UNPRODUCTIVE-REC	1	AC	2024-12-04
1353	6124	WPUN-4	10	AC	2024-12-04
1354	6516	FARMR-6	7	AC	2024-12-04
1355	6103	WPM-3	1	AC	2024-12-04
1355	6103	WPM-3	56	AC	2024-12-04
1355	6303	OTM-3	20	AC	2024-12-04
1355	6203	HWM-3	61	AC	2024-12-04
1356	6214	HWMR-4	1	AC	2024-12-04
1356	6314	OTMR-4	515	AC	2024-12-04
1356	6214	HWMR-4	1334	AC	2024-12-04
1356	6810	WETLANDS-REC	21	AC	2024-12-04
1358	6234	HWUNR-4	31	AC	2024-12-04
1360	6133	WPUNR-3	1	AC	2024-12-04
1360	6133	WPUNR-3	116	AC	2024-12-04
1361	6232	HWUNR-2	1	AC	2024-12-04
1361	6232	HWUNR-2	62	AC	2024-12-04
1362	6202	HWM-2	120	AC	2024-12-04
1363	6203	HWM-3	110	AC	2024-12-04
1364	6225	HWUN-5	1	AC	2024-12-04
1364	6225	HWUN-5	17	AC	2024-12-04
1365	6235	HWUNR-5	1	AC	2024-12-04
1365	6235	HWUNR-5	1	AC	2024-12-04
1366	6215	HWMR-5	1	AC	2024-12-04
1366	6215	HWMR-5	40	AC	2024-12-04
1373	6515	FARMR-5	2	AC	2024-12-04
1373	6315	OTMR-5	33	AC	2024-12-04
1373	6215	HWMR-5	6	AC	2024-12-04
1375	6503	FARM-3	20	AC	2024-12-04
1375	6123	WPUN-3	23	AC	2024-12-04
1375	6223	HWUN-3	442	AC	2024-12-04
1375	6323	OTUN-3	210	AC	2024-12-04
1379	6235	HWUNR-5	65	AC	2024-12-04
1384	6506	FARM-6	31	AC	2024-12-04
1384	6126	WPUN-6	10	AC	2024-12-04
1384	6226	HWUN-6	15	AC	2024-12-04
1385	6019	FARM SP RC	0	AC	2024-12-04
1385	6019	FARM SP RC	9	AC	2024-12-04
1386	6506	FARM-6	45	AC	2024-12-04
1387	6234	HWUNR-4	1	AC	2024-12-04
1387	6234	HWUNR-4	23	AC	2024-12-04
1387	6810	WETLANDS-REC	2	AC	2024-12-04
1387	6514	FARMR-4	5	AC	2024-12-04
1388	6222	HWUN-2	1	AC	2024-12-04
1388	6222	HWUN-2	134	AC	2024-12-04
1394	6213	HWMR-3	378	AC	2024-12-04
1399	6233	HWUNR-3	70	AC	2024-12-04
1400	6232	HWUNR-2	131	AC	2024-12-04
1401	6323	OTUN-3	12	AC	2024-12-04
1401	6223	HWUN-3	44	AC	2024-12-04
1402	6325	OTUN-5	1	AC	2024-12-04
1402	6325	OTUN-5	12	AC	2024-12-04
1402	6225	HWUN-5	10	AC	2024-12-04
1402	6505	FARM-5	6	AC	2024-12-04
1403	6810	WETLANDS-REC	3	AC	2024-12-04
1406	6126	WPUN-6	22	AC	2024-12-04
1406	6226	HWUN-6	52	AC	2024-12-04
1410	6516	FARMR-6	0	AC	2024-12-04
1410	6336	OTUNR-6	3	AC	2024-12-04
1410	6236	HWUNR-6	3	AC	2024-12-04
1410	6516	FARMR-6	3	AC	2024-12-04
1412	6505	FARM-5	3	AC	2024-12-04
1412	6225	HWUN-5	9	AC	2024-12-04
1412	6125	WPUN-5	10	AC	2024-12-04
1413	6221	HWUN-1	35	AC	2024-12-04
1417	6234	HWUNR-4	274	AC	2024-12-04
1417	6710	UNPRODUCTIVE-REC	40	AC	2024-12-04
1443	6215	HWMR-5	1	AC	2024-12-04
1443	6215	HWMR-5	82	AC	2024-12-04
1443	6315	OTMR-5	9	AC	2024-12-04
1443	6115	WPMR-5	31	AC	2024-12-04
1443	6710	UNPRODUCTIVE-REC	1	AC	2024-12-04
1446	6104	WPM-4	1	AC	2024-12-04
1446	6104	WPM-4	13	AC	2024-12-04
1446	6800	WETLANDS	33	AC	2024-12-04
1446	6324	OTUN-4	71	AC	2024-12-04
1446	6204	HWM-4	124	AC	2024-12-04
1446	6030	WATERFR FF	1400	FF	2024-12-04
1447	6205	HWM-5	0	AC	2024-12-04
1447	6205	HWM-5	32	AC	2024-12-04
1447	6800	WETLANDS	7	AC	2024-12-04
1447	6030	WATERFR FF	740	FF	2024-12-04
1448	6225	HWUN-5	11	AC	2024-12-04
1448	6800	WETLANDS	2	AC	2024-12-04
1448	6030	WATERFR FF	800	FF	2024-12-04
1462	6506	FARM-6	45	AC	2024-12-04
1462	6226	HWUN-6	23	AC	2024-12-04
1464	6232	HWUNR-2	1	AC	2024-12-04
1464	6232	HWUNR-2	14	AC	2024-12-04
1464	6332	OTUNR-2	18	AC	2024-12-04
1466	6335	OTUNR-5	1	AC	2024-12-04
1466	6335	OTUNR-5	68	AC	2024-12-04
1466	6235	HWUNR-5	10	AC	2024-12-04
1468	6234	HWUNR-4	28	AC	2024-12-04
1473	6335	OTUNR-5	7	AC	2024-12-04
1473	6225	HWUN-5	7	AC	2024-12-04
1475	6335	OTUNR-5	6	AC	2024-12-04
1475	6225	HWUN-5	5	AC	2024-12-04
1486	6325	OTUN-5	34	AC	2024-12-04
1486	6225	HWUN-5	36	AC	2024-12-04
1488	6233	HWUNR-3	1	AC	2024-12-04
1488	6233	HWUNR-3	201	AC	2024-12-04
1488	6333	OTUNR-3	20	AC	2024-12-04
1489	6213	HWMR-3	1	AC	2024-12-04
1489	6213	HWMR-3	206	AC	2024-12-04
100000	6225	HWUN-5	0	AC	2024-12-04
100000	6225	HWUN-5	14	AC	2024-12-04
100021	6515	FARMR-5	19	AC	2024-12-04
100021	6315	OTMR-5	31	AC	2024-12-04
100021	6215	HWMR-5	54	AC	2024-12-04
100021	6115	WPMR-5	47	AC	2024-12-04
100041	6506	FARM-6	1	AC	2024-12-04
100041	6506	FARM-6	15	AC	2024-12-04
100041	6226	HWUN-6	20	AC	2024-12-04
100103	6236	HWUNR-6	0	AC	2024-12-04
100103	6236	HWUNR-6	18	AC	2024-12-04
100122	6226	HWUN-6	12	AC	2024-12-04
100122	6506	FARM-6	12	AC	2024-12-04
100202	6312	OTMR-2	104	AC	2024-12-04
100202	6212	HWMR-2	621	AC	2024-12-04
100202	6810	WETLANDS-REC	26	AC	2024-12-04
100202	6312	OTMR-2	1	AC	2024-12-04
100243	6125	WPUN-5	7	AC	2024-12-04
100243	6700	UNPRODUCTIVE	2	AC	2024-12-04
100243	6125	WPUN-5	0	AC	2024-12-04
100262	6506	FARM-6	13	AC	2024-12-04
100264	6334	OTUNR-4	1	AC	2024-12-04
100264	6334	OTUNR-4	10	AC	2024-12-04
100322	6514	FARMR-4	1	AC	2024-12-04
100322	6514	FARMR-4	13	AC	2024-12-04
100361	6204	HWM-4	95	AC	2024-12-04
100401	6114	WPMR-4	1	AC	2024-12-04
100401	6114	WPMR-4	29	AC	2024-12-04
100401	6214	HWMR-4	7	AC	2024-12-04
100602	6136	WPUNR-6	14	AC	2024-12-04
100622	6126	WPUN-6	8	AC	2024-12-04
100662	6326	OTUN-6	1	AC	2024-12-04
100662	6326	OTUN-6	43	AC	2024-12-04
100742	6506	FARM-6	0	AC	2024-12-04
100742	6126	WPUN-6	14	AC	2024-12-04
100822	6515	FARMR-5	0	AC	2024-12-04
100822	6515	FARMR-5	19	AC	2024-12-04
100822	6030	WATERFR FF	1060	FF	2024-12-04
101143	6124	WPUN-4	10	AC	2024-12-04
101143	6324	OTUN-4	12	AC	2024-12-04
101183	6324	OTUN-4	8	AC	2024-12-04
101202	6325	OTUN-5	1	AC	2024-12-04
101202	6325	OTUN-5	8	AC	2024-12-04
101203	6506	FARM-6	1	AC	2024-12-04
101203	6506	FARM-6	14	AC	2024-12-04
101204	6506	FARM-6	1	AC	2024-12-04
101204	6506	FARM-6	4	AC	2024-12-04
101204	6126	WPUN-6	2	AC	2024-12-04
101205	6126	WPUN-6	1	AC	2024-12-04
101205	6126	WPUN-6	2	AC	2024-12-04
101205	6506	FARM-6	4	AC	2024-12-04
101224	6017	FARM W/SPI	10	AC	2024-12-04
101224	6800	WETLANDS	5	AC	2024-12-04
101262	6700	UNPRODUCTIVE	11	AC	2024-12-04
101282	6505	FARM-5	31	AC	2024-12-04
101282	6225	HWUN-5	17	AC	2024-12-04
101325	6800	WETLANDS	4	AC	2024-12-04
101325	6125	WPUN-5	3	AC	2024-12-04
101325	6225	HWUN-5	31	AC	2024-12-04
101325	6305	OTM-5	12	AC	2024-12-04
101342	6506	FARM-6	3	AC	2024-12-04
101342	6700	UNPRODUCTIVE	1	AC	2024-12-04
101342	6030	WATERFR FF	431	FF	2024-12-04
101362	6234	HWUNR-4	14	AC	2024-12-04
101382	6234	HWUNR-4	11	AC	2024-12-04
101442	6515	FARMR-5	0	AC	2024-12-04
101442	6515	FARMR-5	18	AC	2024-12-04
101442	6335	OTUNR-5	13	AC	2024-12-04
101442	6710	UNPRODUCTIVE-REC	3	AC	2024-12-04
101523	6334	OTUNR-4	27	AC	2024-12-04
101542	6135	WPUNR-5	16	AC	2024-12-04
101542	6235	HWUNR-5	7	AC	2024-12-04
101542	6515	FARMR-5	77	AC	2024-12-04
101542	6030	WATERFR FF	3240	FF	2024-12-04
101542	6810	WETLANDS-REC	3	AC	2024-12-04
101562	6505	FARM-5	13	AC	2024-12-04
101562	6505	FARM-5	0	AC	2024-12-04
101562	6205	HWM-5	196	AC	2024-12-04
101562	6800	WETLANDS	2	AC	2024-12-04
101582	6233	HWUNR-3	54	AC	2024-12-04
101622	6504	FARM-4	6	AC	2024-12-04
101622	6224	HWUN-4	6	AC	2024-12-04
102644	6133	WPUNR-3	0	AC	2024-12-04
102644	6233	HWUNR-3	10	AC	2024-12-04
102644	6333	OTUNR-3	7	AC	2024-12-04
102644	6133	WPUNR-3	6	AC	2024-12-04
102691	6516	FARMR-6	4	AC	2024-12-04
102691	6236	HWUNR-6	22	AC	2024-12-04
102692	6134	WPUNR-4	11	AC	2024-12-04
102692	6134	WPUNR-4	0	AC	2024-12-04
102736	6236	HWUNR-6	1	AC	2024-12-04
102736	6516	FARMR-6	10	AC	2024-12-04
102759	6514	FARMR-4	2	AC	2024-12-04
102759	6030	WATERFR FF	250	FF	2024-12-04
102763	6135	WPUNR-5	1	AC	2024-12-04
102763	6135	WPUNR-5	15	AC	2024-12-04
102763	6235	HWUNR-5	17	AC	2024-12-04
102763	6135	WPUNR-5	1	AC	2024-12-04
102770	6515	FARMR-5	5	AC	2024-12-04
102770	6235	HWUNR-5	31	AC	2024-12-04
102772	6232	HWUNR-2	1	AC	2024-12-04
102772	6232	HWUNR-2	221	AC	2024-12-04
102772	6332	OTUNR-2	110	AC	2024-12-04
102772	6710	UNPRODUCTIVE-REC	35	AC	2024-12-04
102772	6810	WETLANDS-REC	5	AC	2024-12-04
102834	6504	FARM-4	15	AC	2024-12-04
102834	6124	WPUN-4	15	AC	2024-12-04
102874	6324	OTUN-4	1	AC	2024-12-04
102874	6324	OTUN-4	53	AC	2024-12-04
102874	6224	HWUN-4	17	AC	2024-12-04
102875	6115	WPMR-5	1	AC	2024-12-04
102875	6115	WPMR-5	1	AC	2024-12-04
102875	6215	HWMR-5	293	AC	2024-12-04
102875	6315	OTMR-5	70	AC	2024-12-04
102875	6710	UNPRODUCTIVE-REC	5	AC	2024-12-04
102876	6334	OTUNR-4	1	AC	2024-12-04
102876	6334	OTUNR-4	21	AC	2024-12-04
102897	6504	FARM-4	3	AC	2024-12-04
102916	6505	FARM-5	1	AC	2024-12-04
102916	6505	FARM-5	61	AC	2024-12-04
102976	6104	WPM-4	37	AC	2024-12-04
102976	6304	OTM-4	34	AC	2024-12-04
102976	6204	HWM-4	24	AC	2024-12-04
102996	6234	HWUNR-4	1	AC	2024-12-04
102996	6234	HWUNR-4	49	AC	2024-12-04
102996	6134	WPUNR-4	58	AC	2024-12-04
103016	6516	FARMR-6	57	AC	2024-12-04
103016	6030	WATERFR FF	4000	FF	2024-12-04
103036	6335	OTUNR-5	1	AC	2024-12-04
103036	6335	OTUNR-5	46	AC	2024-12-04
103079	6334	OTUNR-4	1	AC	2024-12-04
103079	6334	OTUNR-4	59	AC	2024-12-04
103097	6124	WPUN-4	1	AC	2024-12-04
103097	6124	WPUN-4	15	AC	2024-12-04
103097	6323	OTUN-3	15	AC	2024-12-04
103157	6515	FARMR-5	1	AC	2024-12-04
103157	6515	FARMR-5	13	AC	2024-12-04
103222	6133	WPUNR-3	2	AC	2024-12-04
103222	6133	WPUNR-3	10	AC	2024-12-04
103254	6324	OTUN-4	4	AC	2024-12-04
103255	6515	FARMR-5	1	AC	2024-12-04
103255	6515	FARMR-5	4	AC	2024-12-04
103257	6315	OTMR-5	1	AC	2024-12-04
103257	6315	OTMR-5	11	AC	2024-12-04
