Source: ,https://www.revenue.nh.gov/current-use/documents/2022-current-use-report.xlsx,Current Use,,,,20% Recreation Adjustment,,Land Use Change Tax (LUCT),,,,,,,Current Use Categories,,,,,,,Current Use Categories,,,,,Non-Taxable Conservation Land,,,,,
Municipality,"Total
Land
Acres


(1)","Total
CU
Acres


(2)","Percent
of
Total
Land
Acres","Number
of
Owners","Number
of
Parcels


(3)","Total
Acres
Receiving
20%
Recreation
Adjustment","Percent
of
CU
Acres","2022
Total
Acres
Removed
","2022
Estimated
LUCT


(4)","2021
Total
Acres
Removed
","2021
Actual
LUCT
Received

(5)","2021
LUCT
to 
Conservation
Fund","2021
LUCT
to
General
Fund ","Percent of
LUCT to
Conservation
Fund

(6)","Total
CU
Acres


(2)","Farm 
Land
Acres","Farm 
Land
Percent","Forest 
Land
Acres","Forest 
Land
Percent","Forest
Stewardship
Acres","Forest
Stewardship
Percent","Total
CU
Acres


(2)","Unproductive
Acres","Unproductive
Percent","Wetland
Acres","Wetland
Percent","Total
Land
Acres


(1)","Total
CU
Acres


(2)","Total
Conservation
Acres


(7)","Percent of
Total
Conservation
Acres

(8)","Total 
Conservation
and Current
Use Acres","Percent of
Conservation
and Current
Use Acres

(9)"
Acworth,"24,916.93","19,954.78",80.09%,260,472,"3,439.75",17.24%,9.2,"5,300",1.5,"10,630","5,315","5,315",50,"19,954.78","1,879.82",9.42%,"17,678.63",88.59%,0,0.00%,"19,954.78",145.17,0.73%,251.16,1.26%,"24,916.93","19,954.78",907.03,3.64%,"20,861.81",83.73%
Albany,"48,253.06","3,837.33",7.95%,60,98,"2,077.27",54.13%,2.25,"3,000",0,0,0,0,0,"3,837.33",123.94,3.23%,"2,488.82",64.86%,969.21,25.26%,"3,837.33",102.82,2.68%,152.54,3.98%,"48,253.06","3,837.33","41,965.31",86.97%,"45,802.64",94.92%
Alexandria,"27,867.66","19,106.27",68.56%,238,451,"3,544.79",18.55%,8.15,"3,000",4.1,"13,100","6,550","6,550",50,"19,106.27",779.82,4.08%,"14,518.15",75.99%,"3,053.24",15.98%,"19,106.27",175.09,0.92%,579.97,3.04%,"27,867.66","19,106.27","3,096.37",11.11%,"22,202.64",79.67%
Allenstown,"13,097.91","3,351.52",25.59%,75,126,"1,758.26",52.46%,3.4,0,0.7,"3,000",0,"3,000",0,"3,351.52",146.57,4.37%,"2,356.91",70.32%,529.6,15.80%,"3,351.52",155.91,4.65%,162.53,4.85%,"13,097.91","3,351.52","7,161.46",54.68%,"10,512.98",80.26%
Alstead,"24,943.58","18,742.54",75.14%,305,451,"4,474.17",23.87%,41.74,"30,000",9.44,0,0,0,0,"18,742.54","1,289.79",6.88%,"10,577.63",56.44%,"6,132.50",32.72%,"18,742.54",314.32,1.68%,428.3,2.29%,"24,943.58","18,742.54",401.01,1.61%,"19,143.55",76.75%
Alton,"40,906.17","23,693.28",57.92%,348,485,"9,449.59",39.88%,81.32,"130,000",80.82,"230,950","115,475","115,475",50,"23,693.28","1,380.71",5.83%,"18,964.11",80.04%,"1,608.07",6.79%,"23,693.28",521.66,2.20%,"1,218.73",5.14%,"40,906.17","23,693.28","3,585.71",8.77%,"27,278.99",66.69%
Amherst,"21,718.29","6,198.81",28.54%,200,176,200.47,3.23%,174.88,0,29,"418,500","418,500",0,100,"6,198.81","2,106.71",33.99%,"2,800.58",45.18%,145.66,2.35%,"6,198.81",19.23,0.31%,"1,126.63",18.17%,"21,718.29","6,198.81","3,287.01",15.13%,"9,485.82",43.68%
Andover,"25,720.10","17,732.87",68.95%,215,297,"8,573.47",48.35%,10.74,"5,000",3.25,460,230,230,50,"17,732.87",700.4,3.95%,"7,592.57",42.82%,"8,850.98",49.91%,"17,732.87",515.25,2.91%,73.67,0.42%,"25,720.10","17,732.87","3,453.33",13.43%,"21,186.20",82.37%
Antrim,"22,833.27","16,161.36",70.78%,293,440,"6,942.77",42.96%,68.73,"3,000",65.23,"22,880","11,440","11,440",50,"16,161.36",583.37,3.61%,"10,138.25",62.73%,"4,442.69",27.49%,"16,161.36",845.02,5.23%,152.03,0.94%,"22,833.27","16,161.36","2,761.08",12.09%,"18,922.44",82.87%
Ashland,"7,244.43","3,698.57",51.05%,62,95,"2,436.30",65.87%,0,0,0,0,0,0,0,"3,698.57",253.2,6.85%,"2,308.55",62.42%,941.08,25.44%,"3,698.57",120.6,3.26%,75.14,2.03%,"7,244.43","3,698.57","1,092.31",15.08%,"4,790.88",66.13%
Atkinson ,"7,154.54",796.83,11.14%,31,48,71.95,9.03%,1.37,10,0,"8,800","8,712",88,99,796.83,205.98,25.85%,368.56,46.25%,66.15,8.30%,796.83,24,3.01%,132.14,16.58%,"7,154.54",796.83,433.5,6.06%,"1,230.33",17.20%
Atkinson & Gilmanton,"12,351.30","12,298.78",99.57%,2,3,"12,298.78",100.00%,0,0,0,0,0,0,0,"12,298.78",0,0.00%,0,0.00%,"11,608.78",94.39%,"12,298.78",690,5.61%,0,0.00%,"12,351.30","12,298.78",0.05,0.00%,"12,298.83",99.58%
Auburn,"16,308.08","3,496.82",21.44%,90,122,973.37,27.84%,3.17,0,0,"28,500","28,500",0,100,"3,496.82",230.96,6.60%,"2,670.07",76.36%,341.2,9.76%,"3,496.82",168.56,4.82%,86.03,2.46%,"16,308.08","3,496.82","3,724.59",22.84%,"7,221.41",44.28%
Barnstead,"27,483.73","17,933.64",65.25%,362,510,"10,544.45",58.80%,28.25,"35,000",15.43,"62,250","31,125","31,125",50,"17,933.64","1,336.85",7.45%,"12,394.52",69.11%,"2,755.98",15.37%,"17,933.64",28,0.16%,"1,418.29",7.91%,"27,483.73","17,933.64",809.9,2.95%,"18,743.54",68.20%
Barrington,"29,887.06","13,137.02",43.96%,299,553,"3,204.97",24.40%,181,"40,000",31.44,"108,710","81,532","27,178",75,"13,137.02",613.58,4.67%,"9,541.75",72.63%,"1,020.72",7.77%,"13,137.02",742.96,5.66%,"1,218.01",9.27%,"29,887.06","13,137.02","4,201.83",14.06%,"17,338.85",58.01%
Bartlett,"47,877.70","6,892.64",14.40%,103,160,"1,668.94",24.21%,0,0,1.38,"15,300",0,"15,300",0,"6,892.64",409.81,5.95%,"5,376.86",78.01%,358.98,5.21%,"6,892.64",556.96,8.08%,190.03,2.76%,"47,877.70","6,892.64","31,669.85",66.15%,"38,562.49",80.54%
Bath,"24,421.26","20,115.20",82.37%,228,363,"2,811.83",13.98%,10.44,0,2.41,"8,600","8,600",0,100,"20,115.20","3,764.66",18.72%,"15,157.45",75.35%,944.6,4.70%,"20,115.20",221.69,1.10%,26.8,0.13%,"24,421.26","20,115.20",253.16,1.04%,"20,368.36",83.40%
Bean's Grant,"6,182.68",0,0.00%,0,0,0,0.00%,0,0,0,0,0,0,0,0,0,0.00%,0,0.00%,0,0.00%,0,0,0.00%,0,0.00%,"6,182.68",0,"6,182.68",100.00%,"6,182.68",100.00%
Bean's Purchase,"41,774.27",0,0.00%,0,0,0,0.00%,0,0,0,0,0,0,0,0,0,0.00%,0,0.00%,0,0.00%,0,0,0.00%,0,0.00%,"41,774.27",0,"41,778.82",100.01%,"41,778.82",100.01%
Bedford,"20,963.39","2,447.13",11.67%,109,205,286.84,11.72%,60.66,0,6.39,"838,828","838,828",0,100,"2,447.13","1,486.05",60.73%,589.2,24.08%,192.7,7.87%,"2,447.13",174.55,7.13%,4.63,0.19%,"20,963.39","2,447.13","1,227.60",5.86%,"3,674.73",17.53%
Belmont,"19,293.67","8,921.04",46.24%,231,322,"3,200.82",35.88%,5.14,0,17.56,"25,027","25,027",0,100,"8,921.04","1,366.39",15.32%,"5,618.62",62.98%,965.71,10.83%,"8,921.04",970.32,10.88%,0,0.00%,"19,293.67","8,921.04",389.45,2.02%,"9,310.49",48.26%
Bennington,"7,266.67","4,642.43",63.89%,84,150,"1,967.87",42.39%,5.04,"5,391",2,"3,800",0,"3,800",50,"4,642.43",190.84,4.11%,"2,724.89",58.70%,"1,346.95",29.01%,"4,642.43",169.48,3.65%,210.27,4.53%,"7,266.67","4,642.43",333.2,4.59%,"4,975.63",68.47%
Benton,"31,057.01","5,438.66",17.51%,38,62,"3,775.50",69.42%,0,0,0,0,0,0,0,"5,438.66",410.3,7.54%,"4,848.86",89.16%,179.5,3.30%,"5,438.66",0,0.00%,0,0.00%,"31,057.01","5,438.66","26,962.35",86.82%,"32,401.01",104.33%
Berlin,"39,338.11","9,854.60",25.05%,78,199,"9,201.60",93.37%,0,0,3.3,0,0,0,0,"9,854.60",152.19,1.54%,"8,369.55",84.93%,533.11,5.41%,"9,854.60",570.57,5.79%,229.18,2.33%,"39,338.11","9,854.60","24,509.25",62.30%,"34,363.85",87.36%
Bethlehem,"58,164.53","18,675.27",32.11%,389,489,"6,618.74",35.44%,14.35,"24,160",79.02,"43,339","2,167","41,172",5,"18,675.27",996.78,5.34%,"12,162.61",65.13%,"4,952.36",26.52%,"18,675.27",147.48,0.79%,416.04,2.23%,"58,164.53","18,675.27","32,282.37",55.50%,"50,957.64",87.61%
Boscawen,"15,912.78","10,004.77",62.87%,168,234,"6,515.48",65.12%,20.1,0,23.58,"50,390","50,390",0,100,"10,004.77","1,443.45",14.43%,"5,042.96",50.41%,"2,535.74",25.35%,"10,004.77",72.17,0.72%,910.45,9.10%,"15,912.78","10,004.77","2,587.91",16.26%,"12,592.68",79.14%
Bow,"18,029.70","4,552.44",25.25%,160,206,"1,764.35",38.76%,69.87,0,96.48,"149,440","149,440",0,100,"4,552.44",248.3,5.45%,"3,250.60",71.40%,221.59,4.87%,"4,552.44",703.48,15.45%,128.47,2.82%,"18,029.70","4,552.44","2,395.27",13.29%,"6,947.71",38.53%
Bradford,"22,549.14","16,418.26",72.81%,241,370,"8,376.93",51.02%,11.15,"1,000",7.17,"9,586","4,793","4,793",50,"16,418.26",618.08,3.76%,"11,459.29",69.80%,"3,218.45",19.60%,"16,418.26",523.67,3.19%,598.77,3.65%,"22,549.14","16,418.26","1,220.51",5.41%,"17,638.77",78.22%
Brentwood,"10,860.84","4,654.79",42.86%,139,182,"1,149.00",24.68%,65,0,11.05,"505,750",0,"505,750",0,"4,654.79","1,817.39",39.04%,"2,562.89",55.06%,227.55,4.89%,"4,654.79",4.82,0.10%,42.14,0.91%,"10,860.84","4,654.79",895.01,8.24%,"5,549.80",51.10%
Bridgewater,"13,743.33","8,672.44",63.10%,103,93,"4,298.74",49.57%,0,0,0,0,0,0,0,"8,672.44",420.06,4.84%,"6,922.17",79.82%,"1,133.23",13.07%,"8,672.44",50.08,0.58%,146.9,1.69%,"13,743.33","8,672.44",78.7,0.57%,"8,751.14",63.68%
Bristol,"10,928.75","6,180.01",56.55%,135,204,"4,022.40",65.09%,0,0,0,0,0,0,0,"6,180.01",456.38,7.38%,"3,913.89",63.33%,"1,609.29",26.04%,"6,180.01",171.45,2.77%,29,0.47%,"10,928.75","6,180.01",626.66,5.73%,"6,806.67",62.28%
Brookfield,"14,629.00","11,194.50",76.52%,135,210,"6,592.02",58.89%,9.32,"1,850",0.88,"21,490",0,"21,490",0,"11,194.50",405.34,3.62%,"7,109.59",63.51%,"2,713.17",24.24%,"11,194.50",312.2,2.79%,654.2,5.84%,"14,629.00","11,194.50","2,967.02",20.28%,"14,161.52",96.80%
Brookline,"12,745.80","4,073.50",31.96%,140,220,67.5,1.66%,24.88,"120,800",107.69,"196,980","196,980",0,100,"4,073.50",18.6,0.46%,"3,641.59",89.40%,139.8,3.43%,"4,073.50",82.09,2.02%,191.42,4.70%,"12,745.80","4,073.50","2,208.46",17.33%,"6,281.96",49.29%
Cambridge,"32,683.97","28,072.27",85.89%,6,15,"28,072.27",100.00%,0,0,0,0,0,0,0,"28,072.27",0,0.00%,38.64,0.14%,"27,369.89",97.50%,"28,072.27",433.75,1.55%,229.99,0.82%,"32,683.97","28,072.27","4,695.20",14.37%,"32,767.47",100.26%
Campton,"33,240.27","21,626.53",65.06%,226,382,"16,162.40",74.73%,34,"75,000",16.36,"14,900","7,450","7,450",50,"21,626.53",773.69,3.58%,"11,093.68",51.30%,"8,431.73",38.99%,"21,626.53","1,226.10",5.67%,101.33,0.47%,"33,240.27","21,626.53","2,826.49",8.50%,"24,453.02",73.56%
Canaan,"34,116.36","25,734.28",75.43%,430,753,"7,536.70",29.29%,14.8,"50,000",20.82,"44,628","5,000","39,628",50,"25,734.28","1,498.49",5.82%,"15,740.18",61.16%,"6,686.83",25.98%,"25,734.28",292.65,1.14%,"1,516.13",5.89%,"34,116.36","25,734.28",456.75,1.34%,"26,191.03",76.77%
Candia,"19,408.37","9,664.06",49.79%,170,159,"1,482.00",15.34%,2.25,0,55,"34,418","8,605","25,813",25,"9,664.06",584.4,6.05%,"7,177.50",74.27%,165.11,1.71%,"9,664.06",569.31,5.89%,"1,167.74",12.08%,"19,408.37","9,664.06","2,274.78",11.72%,"11,938.84",61.51%
Canterbury,"28,123.94","20,264.10",72.05%,384,547,"10,771.35",53.15%,8.74,0,32.94,"15,500","15,500",0,100,"20,264.10","1,852.27",9.14%,"7,617.77",37.59%,"9,179.70",45.30%,"20,264.10",63.88,0.32%,"1,550.48",7.65%,"28,123.94","20,264.10","1,544.94",5.49%,"21,809.04",77.55%
Carroll,"32,171.41","9,996.66",31.07%,100,137,"5,730.26",57.32%,7.47,50,0,"63,510",0,"63,510",0,"9,996.66",131.85,1.32%,"3,583.98",35.85%,"5,964.62",59.67%,"9,996.66",199.66,2.00%,116.55,1.17%,"32,171.41","9,996.66","17,589.25",54.67%,"27,585.91",85.75%
Center Harbor,"8,532.57","4,578.58",53.66%,112,159,298.64,6.52%,0,0,15.26,"27,600","13,800","13,800",50,"4,578.58",300.9,6.57%,"3,770.36",82.35%,230.7,5.04%,"4,578.58",47.5,1.04%,229.12,5.00%,"8,532.57","4,578.58",738.98,8.66%,"5,317.56",62.32%
Chandler's Purchase,"1,360.69",0,0.00%,0,0,0,0.00%,0,0,0,0,0,0,0,0,0,0.00%,0,0.00%,0,0.00%,0,0,0.00%,0,0.00%,"1,360.69",0,"1,357.48",99.76%,"1,357.48",99.76%
Charlestown,"22,928.00","14,512.91",63.30%,235,392,"6,685.49",46.07%,0,"9,500",0,"9,500",0,"9,500",0,"14,512.91","2,255.83",15.54%,"9,178.24",63.24%,"2,522.27",17.38%,"14,512.91",542.77,3.74%,13.8,0.10%,"22,928.00","14,512.91","2,419.02",10.55%,"16,931.93",73.85%
Chatham,"36,313.78","4,774.17",13.15%,57,73,"3,158.74",66.16%,0,0,0,0,0,0,0,"4,774.17",216.2,4.53%,"4,060.98",85.06%,367.5,7.70%,"4,774.17",21,0.44%,108.49,2.27%,"36,313.78","4,774.17","29,565.93",81.42%,"34,340.10",94.56%
Chester,"16,661.63","6,751.32",40.52%,201,247,"1,227.30",18.18%,37.95,0,38.04,"285,180","285,180",0,100,"6,751.32",564.64,8.36%,"5,443.62",80.63%,480.47,7.12%,"6,751.32",10.53,0.16%,252.06,3.73%,"16,661.63","6,751.32",918.68,5.51%,"7,670.00",46.03%
Chesterfield,"29,178.03","16,495.83",56.54%,326,530,"5,702.42",34.57%,3.6,0,0,560,280,280,50,"16,495.83","1,364.29",8.27%,"10,247.91",62.12%,"4,266.56",25.86%,"16,495.83",157.67,0.96%,459.4,2.78%,"29,178.03","16,495.83","5,887.15",20.18%,"22,382.98",76.71%
Chichester,"13,564.59","8,010.05",59.05%,225,305,"3,343.47",41.74%,0,"15,000",8.34,"10,565","7,924","2,641",75,"8,010.05","1,065.10",13.30%,"5,904.96",73.72%,405.97,5.07%,"8,010.05",36.08,0.45%,597.94,7.46%,"13,564.59","8,010.05",295.1,2.18%,"8,305.15",61.23%
Claremont,"27,615.89","18,322.72",66.35%,298,492,"12,288.47",67.07%,2.46,"5,000",12.02,"3,672","3,672",0,0,"18,322.72","3,282.47",17.91%,"11,242.90",61.36%,"3,180.27",17.36%,"18,322.72",617.08,3.37%,0,0.00%,"27,615.89","18,322.72",653.54,2.37%,"18,976.26",68.72%
Clarksville,"38,685.93","32,833.31",84.87%,153,221,"27,780.45",84.61%,8.35,"4,600",15.24,"16,940",0,"16,940",0,"32,833.31",700.81,2.13%,"5,632.90",17.16%,"24,758.76",75.41%,"32,833.31",883.8,2.69%,857.04,2.61%,"38,685.93","32,833.31","4,766.59",12.32%,"37,599.90",97.19%
Colebrook,"26,087.36","21,166.89",81.14%,351,559,"14,928.73",70.53%,35.05,"34,590",5.14,"9,230",0,"9,230",0,"21,166.89","4,063.28",19.20%,"16,144.70",76.27%,660.3,3.12%,"21,166.89",215.75,1.02%,82.86,0.39%,"26,087.36","21,166.89",351.56,1.35%,"21,518.45",82.49%
Columbia,"39,181.10","30,574.66",78.03%,284,493,"16,342.36",53.45%,5.9,"5,000",23.02,"20,880",0,"20,880",0,"30,574.66","1,679.31",5.49%,"18,199.93",59.53%,"10,199.80",33.36%,"30,574.66",357.42,1.17%,138.2,0.45%,"39,181.10","30,574.66","10,101.53",25.78%,"40,676.19",103.82%
Concord,"40,933.68","14,909.13",36.42%,281,450,"4,596.91",30.83%,91.56,0,36.41,"29,570","14,785","14,785",50,"14,909.13","2,427.16",16.28%,"8,798.44",59.01%,"2,791.12",18.72%,"14,909.13",0,0.00%,892.41,5.99%,"40,933.68","14,909.13","7,472.78",18.26%,"22,381.91",54.68%
Conway,"44,596.79","25,877.98",58.03%,291,529,"17,394.73",67.22%,102.29,"80,000",144.66,"245,897","130,293","115,604",50,"25,877.98","2,683.89",10.37%,"15,711.47",60.71%,"3,441.04",13.30%,"25,877.98","4,041.58",15.62%,0,0.00%,"44,596.79","25,877.98","9,969.62",22.36%,"35,847.60",80.38%
Cornish,"26,855.14","22,246.91",82.84%,335,544,"7,354.60",33.06%,2.6,"1,200",11.44,"4,700","2,820","1,880",60,"22,246.91","2,509.46",11.28%,"10,525.12",47.31%,"8,932.59",40.15%,"22,246.91",104.05,0.47%,175.69,0.79%,"26,855.14","22,246.91","1,452.43",5.41%,"23,699.34",88.25%
Crawford's Purchase,"5,242.86",0,0.00%,0,0,0,0.00%,0,0,0,0,0,0,0,0,0,0.00%,0,0.00%,0,0.00%,0,0,0.00%,0,0.00%,"5,242.86",0,"5,159.69",98.41%,"5,159.69",98.41%
Croydon,"23,554.07","18,936.74",80.40%,99,162,"3,099.13",16.37%,15.86,0,1.24,0,0,0,0,"18,936.74",580.33,3.06%,"16,529.28",87.29%,51,0.27%,"18,936.74","1,253.57",6.62%,522.56,2.76%,"23,554.07","18,936.74","2,002.10",8.50%,"20,938.84",88.90%
Cutt's Grant,"7,218.74",0,0.00%,0,0,0,0.00%,0,0,0,0,0,0,0,0,0,0.00%,0,0.00%,0,0.00%,0,0,0.00%,0,0.00%,"7,218.74",0,"7,218.74",100.00%,"7,218.74",100.00%
Dalton,"17,624.05","14,435.55",81.91%,234,398,"3,223.65",22.33%,0.5,"1,610",16.97,"14,667","7,334","7,333",50,"14,435.55","1,015.53",7.03%,"7,973.85",55.24%,"4,918.08",34.07%,"14,435.55",171.47,1.19%,356.62,2.47%,"17,624.05","14,435.55",830.17,4.71%,"15,265.72",86.62%
Danbury,"24,161.79","17,156.03",71.00%,184,282,"8,595.76",50.10%,0.93,"8,360",45.71,"35,766",0,"35,766",0,"17,156.03",491.97,2.87%,"11,306.73",65.91%,"4,014.48",23.40%,"17,156.03",807.14,4.70%,535.71,3.12%,"24,161.79","17,156.03","1,067.49",4.42%,"18,223.52",75.42%
Danville,"7,453.69","2,036.85",27.33%,72,115,403.24,19.80%,91.55,"12,000",43.06,"45,930","45,930",0,100,"2,036.85",268.93,13.20%,"1,439.69",70.68%,8.82,0.43%,"2,036.85",54.84,2.69%,264.57,12.99%,"7,453.69","2,036.85",140.1,1.88%,"2,176.95",29.21%
Deerfield,"32,496.62","19,173.00",59.00%,392,544,"4,748.80",24.77%,18.08,"65,000",25.38,"128,300","64,150","64,150",50,"19,173.00","1,174.06",6.12%,"13,529.86",70.57%,"2,944.87",15.36%,"19,173.00",248.53,1.30%,"1,275.68",6.65%,"32,496.62","19,173.00","4,333.03",13.33%,"23,506.03",72.33%
Deering,"19,571.19","14,531.72",74.25%,264,444,"5,893.33",40.55%,1.39,0,6.11,"5,028","5,028",0,100,"14,531.72",832.73,5.73%,"7,651.48",52.65%,"4,514.16",31.06%,"14,531.72",289.03,1.99%,"1,244.32",8.56%,"19,571.19","14,531.72","3,721.99",19.02%,"18,253.71",93.27%
Derry,"22,675.79","5,306.33",23.40%,199,263,408.22,7.69%,54.04,0,33.89,0,0,0,0,"5,306.33","1,040.91",19.62%,"3,180.80",59.94%,29.65,0.56%,"5,306.33",694.78,13.09%,360.19,6.79%,"22,675.79","5,306.33","1,461.88",6.45%,"6,768.21",29.85%
Dix's Grant,"12,843.60","12,812.00",99.75%,1,2,"12,812.00",100.00%,0,0,0,0,0,0,0,"12,812.00",0,0.00%,0,0.00%,"11,571.00",90.31%,"12,812.00","1,241.00",9.69%,0,0.00%,"12,843.60","12,812.00",0.15,0.00%,"12,812.15",99.76%
Dixville,"31,369.93","30,782.64",98.13%,7,22,"30,782.64",100.00%,0,0,0,0,0,0,0,"30,782.64",61.9,0.20%,328.99,1.07%,"26,628.70",86.51%,"30,782.64","3,763.05",12.22%,0,0.00%,"31,369.93","30,782.64",146.18,0.47%,"30,928.82",98.59%
Dorchester,"28,540.65","26,046.90",91.26%,115,195,"21,431.14",82.28%,11.36,"20,500",1,0,0,0,5,"26,046.90",173.23,0.67%,"10,170.87",39.05%,"14,733.69",56.57%,"26,046.90",477.79,1.83%,491.32,1.89%,"28,540.65","26,046.90",619.06,2.17%,"26,665.96",93.43%
Dover,"17,113.10","4,246.32",24.81%,159,206,174.23,4.10%,42.88,"2,500",14.9,"74,387",0,"74,387",0,"4,246.32","1,575.41",37.10%,"2,144.04",50.49%,183.62,4.32%,"4,246.32",124.89,2.94%,218.36,5.14%,"17,113.10","4,246.32","1,517.63",8.87%,"5,763.95",33.68%
Dublin,"17,852.08","11,455.97",64.17%,212,307,"1,525.90",13.32%,15.61,"7,840",3,970,485,485,50,"11,455.97",904.04,7.89%,"7,571.96",66.10%,"2,139.44",18.68%,"11,455.97",275.76,2.41%,564.77,4.93%,"17,852.08","11,455.97","3,086.84",17.29%,"14,542.81",81.46%
Dummer,"30,629.57","27,616.40",90.16%,90,155,"23,750.14",86.00%,6.27,0,6.27,"4,500",0,"4,500",0,"27,616.40",345.83,1.25%,"4,796.64",17.37%,"20,903.21",75.69%,"27,616.40","1,112.67",4.03%,458.05,1.66%,"30,629.57","27,616.40","1,504.09",4.91%,"29,120.49",95.07%
Dunbarton,"19,733.94","8,671.51",43.94%,231,299,"3,767.99",43.45%,17.2,"45,000",17.22,"30,330","15,165","15,165",50,"8,671.51",731.03,8.43%,"6,363.11",73.38%,"1,010.33",11.65%,"8,671.51",266,3.07%,301.04,3.47%,"19,733.94","8,671.51","3,608.93",18.29%,"12,280.44",62.23%
Durham,"14,337.95","6,079.27",42.40%,232,114,13,0.21%,2.65,0,4.1,"3,750","3,750",0,100,"6,079.27","1,014.16",16.68%,"4,432.84",72.92%,220.4,3.63%,"6,079.27",81.07,1.33%,330.8,5.44%,"14,337.95","6,079.27","4,617.63",32.21%,"10,696.90",74.61%
East Kingston,"6,344.74","3,250.02",51.22%,88,106,901.06,27.72%,2,"6,000",0.5,620,310,310,50,"3,250.02",654.45,20.14%,"1,678.52",51.65%,266.26,8.19%,"3,250.02",129.56,3.99%,521.23,16.04%,"6,344.74","3,250.02",213.88,3.37%,"3,463.90",54.59%
Easton,"19,929.03","4,711.62",23.64%,62,81,"2,402.70",51.00%,0,0,0,0,0,0,100,"4,711.62",166.49,3.53%,"3,180.82",67.51%,"1,166.60",24.76%,"4,711.62",53.2,1.13%,144.51,3.07%,"19,929.03","4,711.62","13,171.89",66.09%,"17,883.51",89.74%
Eaton,"15,618.64","9,898.29",63.37%,124,242,913.36,9.23%,1.38,0,2.17,"7,500","3,750","3,750",50,"9,898.29",307.21,3.10%,"8,002.66",80.85%,"1,252.46",12.65%,"9,898.29",327.32,3.31%,8.64,0.09%,"15,618.64","9,898.29","2,738.40",17.53%,"12,636.69",80.91%
Effingham,"24,877.89","13,180.50",52.98%,163,286,"7,660.64",58.12%,2.84,"2,960",2.84,"1,845","1,845",0,50,"13,180.50",372.98,2.83%,"9,280.81",70.41%,"2,251.19",17.08%,"13,180.50",421.23,3.20%,854.29,6.48%,"24,877.89","13,180.50","7,048.80",28.33%,"20,229.30",81.31%
Ellsworth,"13,717.90","1,235.19",9.00%,24,31,653.36,52.90%,0,0,0,0,0,0,0,"1,235.19",18.77,1.52%,924.84,74.87%,205.22,16.61%,"1,235.19",48.8,3.95%,37.56,3.04%,"13,717.90","1,235.19","11,655.76",84.97%,"12,890.95",93.97%
Enfield,"25,790.96","13,341.78",51.73%,270,387,"5,712.87",42.82%,12.47,"28,700",25.08,"46,148",0,"46,148",0,"13,341.78",661.73,4.96%,"10,572.70",79.25%,"1,670.88",12.52%,"13,341.78",39.93,0.30%,396.54,2.97%,"25,790.96","13,341.78","6,151.28",23.85%,"19,493.06",75.58%
Epping,"16,690.35","8,978.41",53.79%,158,323,"4,785.54",53.30%,0,"225,000",36.3,"389,582","38,958","350,624",10,"8,978.41","1,093.37",12.18%,"5,186.07",57.76%,"1,604.12",17.87%,"8,978.41",373.07,4.16%,721.78,8.04%,"16,690.35","8,978.41","1,204.11",7.21%,"10,182.52",61.01%
Epsom,"22,066.73","14,658.46",66.43%,264,421,816.23,5.57%,0.94,"6,400",9.88,"6,400",640,"5,760",10,"14,658.46","1,630.41",11.12%,"11,603.84",79.16%,891.73,6.08%,"14,658.46",24.52,0.17%,507.96,3.47%,"22,066.73","14,658.46",606.3,2.75%,"15,264.76",69.18%
Errol,"38,930.19","32,730.81",84.08%,64,136,"31,336.87",95.74%,17.81,"11,000",15,"16,000",0,"16,000",0,"32,730.81",164.42,0.50%,"2,978.24",9.10%,"28,473.33",86.99%,"32,730.81",845.12,2.58%,269.7,0.82%,"38,930.19","32,730.81","16,730.02",42.97%,"49,460.83",127.05%
Erving's Grant,"2,401.71","2,177.00",90.64%,2,2,"2,177.00",100.00%,0,0,0,0,0,0,0,"2,177.00",0,0.00%,0,0.00%,"2,140.00",98.30%,"2,177.00",19,0.87%,18,0.83%,"2,401.71","2,177.00",110.1,4.58%,"2,287.10",95.23%
Exeter,"12,644.70","2,800.51",22.15%,81,104,266.77,9.53%,44.64,"25,000",14.25,"88,770",0,"88,770",0,"2,800.51",236.57,8.45%,"1,382.00",49.35%,581.97,20.78%,"2,800.51",71.15,2.54%,528.82,18.88%,"12,644.70","2,800.51","2,906.01",22.98%,"5,706.52",45.13%
Farmington,"23,368.40","12,702.55",54.36%,199,292,"5,645.73",44.45%,5.17,0,7.86,"5,820","5,820",0,100,"12,702.55",821.35,6.47%,"5,882.79",46.31%,"5,504.86",43.34%,"12,702.55",65.79,0.52%,427.76,3.37%,"23,368.40","12,702.55","1,018.32",4.36%,"13,720.87",58.72%
Fitzwilliam,"22,158.33","14,268.70",64.39%,301,427,"5,179.83",36.30%,75.71,"17,600",30.95,"63,775","31,888","31,887",50,"14,268.70",352.3,2.47%,"10,733.69",75.23%,"2,004.86",14.05%,"14,268.70",187.8,1.32%,990.05,6.94%,"22,158.33","14,268.70","1,012.28",4.57%,"15,280.98",68.96%
Francestown,"19,102.63","12,704.33",66.51%,298,454,"5,696.34",44.84%,0.13,0,10.13,26,13,13,50,"12,704.33",909.07,7.16%,"8,283.15",65.20%,"2,383.53",18.76%,"12,704.33",38.95,0.31%,"1,089.63",8.58%,"19,102.63","12,704.33","2,562.63",13.42%,"15,266.96",79.92%
Franconia,"42,073.06","6,709.82",15.95%,163,227,686.23,10.23%,0,"24,800",0,0,0,0,50,"6,709.82",186.06,2.77%,"5,012.99",74.71%,908.46,13.54%,"6,709.82",1.17,0.02%,601.14,8.96%,"42,073.06","6,709.82","30,973.94",73.62%,"37,683.76",89.57%
Franklin,"17,708.94","8,568.18",48.38%,151,239,"2,850.18",33.26%,4.1,"4,000",12.96,"9,970",0,"9,970",0,"8,568.18",614.14,7.17%,"6,298.86",73.51%,"1,403.86",16.38%,"8,568.18",96.24,1.12%,155.08,1.81%,"17,708.94","8,568.18","3,334.99",18.83%,"11,903.17",67.22%
Freedom,"22,077.17","11,519.71",52.18%,158,271,"5,523.99",47.95%,11.2,"17,000",0,"7,825","3,913","3,912",50,"11,519.71",635.94,5.52%,"7,647.28",66.38%,"2,507.52",21.77%,"11,519.71",442.03,3.84%,286.94,2.49%,"22,077.17","11,519.71","2,015.63",9.13%,"13,535.34",61.31%
Fremont,"11,043.22","5,736.37",51.94%,138,233,856.61,14.93%,20.05,"90,000",78.44,"158,000","74,000","84,000",50,"5,736.37",586.91,10.23%,"3,440.55",59.98%,439.46,7.66%,"5,736.37",602.89,10.51%,666.56,11.62%,"11,043.22","5,736.37",502.14,4.55%,"6,238.51",56.49%
Gilford,"24,826.74","10,225.03",41.19%,165,274,"2,440.44",23.87%,17.58,0,4.59,"46,960","46,960",0,100,"10,225.03",790.95,7.74%,"8,683.96",84.93%,500.31,4.89%,"10,225.03",249.81,2.44%,0,0.00%,"24,826.74","10,225.03","6,010.95",24.21%,"16,235.98",65.40%
Gilmanton,"36,891.38","23,873.67",64.71%,440,610,"9,311.38",39.00%,27.09,"10,000",0,"75,910","9,841","66,069",10,"23,873.67","2,432.09",10.19%,"18,107.69",75.85%,"2,228.94",9.34%,"23,873.67",170.09,0.71%,934.86,3.92%,"36,891.38","23,873.67","2,039.16",5.53%,"25,912.83",70.24%
Gilsum,"10,668.10","7,839.98",73.49%,126,213,897.95,11.45%,0,0,0,"4,118","4,118",0,100,"7,839.98",225.51,2.88%,"6,728.95",85.83%,650.98,8.30%,"7,839.98",75.56,0.96%,158.98,2.03%,"10,668.10","7,839.98","1,437.96",13.48%,"9,277.94",86.97%
Goffstown,"23,771.76","10,007.00",42.10%,228,341,"2,725.00",27.23%,72,0,42.3,"45,900","45,900",0,100,"10,007.00","1,091.00",10.90%,"6,800.00",67.95%,"1,512.00",15.11%,"10,007.00",123,1.23%,481,4.81%,"23,771.76","10,007.00","1,962.12",8.25%,"11,969.12",50.35%
Gorham,"20,414.69","9,542.16",46.74%,33,61,"9,051.19",94.85%,1.43,0,0,0,0,0,0,"9,542.16",50.75,0.53%,"1,366.24",14.32%,"7,745.35",81.17%,"9,542.16",269.4,2.82%,110.42,1.16%,"20,414.69","9,542.16","10,032.65",49.14%,"19,574.81",95.89%
Goshen,"14,364.03","11,211.35",78.05%,177,217,"7,031.61",62.72%,0.5,0,0,0,0,0,0,"11,211.35",415.11,3.70%,"4,468.08",39.85%,"5,611.25",50.05%,"11,211.35",533.74,4.76%,183.17,1.63%,"14,364.03","11,211.35","1,155.53",8.04%,"12,366.88",86.10%
Grafton,"26,626.16","20,311.36",76.28%,263,446,"3,701.98",18.23%,15.41,120,1.01,"12,540",0,"12,540",0,"20,311.36",578.28,2.85%,"13,278.86",65.38%,"5,531.54",27.23%,"20,311.36",722.65,3.56%,200.03,0.98%,"26,626.16","20,311.36","1,638.62",6.15%,"21,949.98",82.44%
Grantham,"17,402.26","9,463.00",54.38%,77,124,"3,848.00",40.66%,13,0,6.14,"26,174",0,"26,174",100,"9,463.00",156,1.65%,"4,798.00",50.70%,"3,320.00",35.08%,"9,463.00","1,016.00",10.74%,173,1.83%,"17,402.26","9,463.00","1,734.55",9.97%,"11,197.55",64.35%
Greenfield,"16,950.96","11,167.84",65.88%,216,367,"3,816.49",34.17%,13.72,"22,500",3,"12,650","5,000","7,650",0,"11,167.84",855.51,7.66%,"7,890.71",70.66%,"1,500.02",13.43%,"11,167.84",41.5,0.37%,880.1,7.88%,"16,950.96","11,167.84","2,162.51",12.76%,"13,330.35",78.64%
Greenland,"6,745.78","2,120.86",31.44%,41,78,64,3.02%,3.12,"47,825",0.5,"22,825",0,"22,825",0,"2,120.86",477.45,22.51%,"1,157.42",54.57%,198.71,9.37%,"2,120.86",0,0.00%,287.28,13.55%,"6,745.78","2,120.86",574.51,8.52%,"2,695.37",39.96%
Green's Grant,"2,348.39",0,0.00%,0,0,0,0.00%,0,0,0,0,0,0,0,0,0,0.00%,0,0.00%,0,0.00%,0,0,0.00%,0,0.00%,"2,348.39",0,"2,117.88",90.18%,"2,117.88",90.18%
Greenville,"4,401.84","2,572.04",58.43%,58,200,560.95,21.81%,0.23,0,55.25,"71,766","14,353","57,413",20,"2,572.04",377.73,14.69%,"2,068.27",80.41%,55.03,2.14%,"2,572.04",34.5,1.34%,36.51,1.42%,"4,401.84","2,572.04",337.17,7.66%,"2,909.21",66.09%
Groton,"26,056.40","14,560.64",55.88%,108,168,"9,913.50",68.08%,0.3,"1,000",6.24,"4,055",122,"3,933",3,"14,560.64",55.37,0.38%,"6,467.66",44.42%,"7,171.68",49.25%,"14,560.64",758.8,5.21%,107.13,0.74%,"26,056.40","14,560.64","5,116.29",19.64%,"19,676.93",75.52%
Hadley's Purchase,"4,740.44",0,0.00%,0,0,0,0.00%,0,0,0,0,0,0,0,0,0,0.00%,0,0.00%,0,0.00%,0,0,0.00%,0,0.00%,"4,740.44",0,"4,707.28",99.30%,"4,707.28",99.30%
Hale's Location,"1,599.77",0,0.00%,0,0,0,0.00%,0,0,0,0,0,0,0,0,0,0.00%,0,0.00%,0,0.00%,0,0,0.00%,0,0.00%,"1,599.77",0,"1,297.76",81.12%,"1,297.76",81.12%
Hampstead,"8,580.24","1,054.18",12.29%,34,60,194.12,18.41%,0,0,0,0,0,0,50,"1,054.18",49.78,4.72%,695.32,65.96%,201.34,19.10%,"1,054.18",40.57,3.85%,67.17,6.37%,"8,580.24","1,054.18","1,109.51",12.93%,"2,163.69",25.22%
Hampton,"8,804.76",884.88,10.05%,53,99,0,0.00%,0,0,0,0,0,0,0,884.88,152.75,17.26%,498.59,56.35%,0,0.00%,884.88,69,7.80%,164.54,18.59%,"8,804.76",884.88,499.79,5.68%,"1,384.67",15.73%
Hampton Falls,"7,926.43","3,251.05",41.02%,98,141,413.25,12.71%,34.75,0,7.72,"2,140","2,140",0,100,"3,251.05",951.05,29.25%,"1,423.30",43.78%,30.06,0.92%,"3,251.05",2.91,0.09%,843.73,25.95%,"7,926.43","3,251.05",348,4.39%,"3,599.05",45.41%
Hancock,"19,185.79","14,197.91",74.00%,257,485,"4,632.55",32.63%,9.83,"32,550",13.13,"23,547",0,"23,547",0,"14,197.91",657.1,4.63%,"6,634.16",46.73%,"6,187.66",43.58%,"14,197.91",104.8,0.74%,614.19,4.33%,"19,185.79","14,197.91","2,986.51",15.57%,"17,184.42",89.57%
Hanover,"31,424.99","19,026.83",60.55%,290,405,"7,419.05",38.99%,0,"10,000",23.7,0,0,0,50,"19,026.83","1,341.88",7.05%,"15,726.08",82.65%,"1,532.04",8.05%,"19,026.83",170.1,0.89%,256.73,1.35%,"31,424.99","19,026.83","6,843.26",21.78%,"25,870.09",82.32%
Harrisville,"11,976.81","8,419.63",70.30%,133,220,"3,529.77",41.92%,4.39,"1,000",0,0,0,0,100,"8,419.63",445.02,5.29%,"5,963.80",70.83%,"1,658.25",19.70%,"8,419.63",0,0.00%,352.56,4.19%,"11,976.81","8,419.63","1,433.08",11.97%,"9,852.71",82.26%
Hart's Location,"12,302.40",83,0.67%,3,3,64,77.11%,0,0,0,0,0,0,0,83,0,0.00%,53,63.86%,30,36.14%,83,0,0.00%,0,0.00%,"12,302.40",83,"10,813.06",87.89%,"10,896.06",88.57%
Haverhill,"32,739.80","24,112.35",73.65%,337,534,"4,975.97",20.64%,10.39,"6,100",36.95,"19,120",0,"19,120",0,"24,112.35","5,898.12",24.46%,"13,942.58",57.82%,"3,702.10",15.35%,"24,112.35",135.52,0.56%,434.03,1.80%,"32,739.80","24,112.35","1,834.41",5.60%,"25,946.76",79.25%
Hebron,"10,789.93","2,694.52",24.97%,32,45,"1,883.82",69.91%,0,0,0,0,0,0,0,"2,694.52",116.95,4.34%,"1,583.44",58.77%,820.1,30.44%,"2,694.52",137.7,5.11%,36.33,1.35%,"10,789.93","2,694.52",545.48,5.06%,"3,240.00",30.03%
Henniker,"28,231.87","17,462.69",61.85%,349,503,"5,381.87",30.82%,24.52,"28,370",21.08,"23,964","11,982","11,982",50,"17,462.69","1,414.88",8.10%,"8,320.00",47.64%,"6,899.41",39.51%,"17,462.69",86.26,0.49%,742.14,4.25%,"28,231.87","17,462.69","2,994.23",10.61%,"20,456.92",72.46%
Hill,"17,068.51","10,583.55",62.01%,168,243,"5,861.65",55.38%,0,"3,000",0,0,0,0,0,"10,583.55",460.78,4.35%,"5,921.71",55.95%,"3,895.63",36.81%,"10,583.55",119.5,1.13%,185.93,1.76%,"17,068.51","10,583.55","3,595.21",21.06%,"14,178.76",83.07%
Hillsborough,"27,967.51","16,757.72",59.92%,265,413,"10,708.77",63.90%,26.5,"25,000",22.31,"55,800","27,900","27,900",50,"16,757.72","1,136.50",6.78%,"11,551.07",68.93%,"2,274.63",13.57%,"16,757.72",503.44,3.00%,"1,292.08",7.71%,"27,967.51","16,757.72","4,910.63",17.56%,"21,668.35",77.48%
Hinsdale,"13,255.43","7,466.60",56.33%,141,232,"1,594.91",21.36%,5.3,0,8.22,"3,600","3,600",0,100,"7,466.60","1,052.65",14.10%,"5,578.90",74.72%,102,1.37%,"7,466.60",412.32,5.52%,320.73,4.30%,"13,255.43","7,466.60","1,463.40",11.04%,"8,930.00",67.37%
Holderness,"19,539.33","11,236.48",57.51%,172,264,"1,264.81",11.26%,63.11,0,0.76,"305,260","5,000","300,260",0,"11,236.48",632.56,5.63%,"6,944.04",61.80%,"2,817.71",25.08%,"11,236.48",493.79,4.39%,348.38,3.10%,"19,539.33","11,236.48","1,163.76",5.96%,"12,400.24",63.46%
Hollis,"20,333.11","5,516.24",27.13%,205,324,911.56,16.53%,32.46,0,34.36,"596,935","596,935",0,100,"5,516.24","1,648.43",29.88%,"2,741.95",49.71%,508.1,9.21%,"5,516.24",253.34,4.59%,364.42,6.61%,"20,333.11","5,516.24","4,003.68",19.69%,"9,519.92",46.82%
Hooksett,"23,164.24","5,379.90",23.23%,91,169,"1,981.75",36.84%,38.09,0,11.45,"164,000","164,000",0,100,"5,379.90",252.55,4.69%,"4,057.99",75.43%,175.97,3.27%,"5,379.90",201.8,3.75%,691.59,12.86%,"23,164.24","5,379.90","3,597.12",15.53%,"8,977.02",38.75%
Hopkinton,"27,698.36","14,516.21",52.41%,339,556,"1,018.51",7.02%,0,"20,000",60,"28,282","14,141","14,141",50,"14,516.21","1,899.00",13.08%,"8,140.56",56.08%,"3,456.28",23.81%,"14,516.21",70.02,0.48%,950.35,6.55%,"27,698.36","14,516.21","4,547.98",16.42%,"19,064.19",68.83%
Hudson,"18,261.52","2,779.63",15.22%,97,172,0,0.00%,15.7,0,21.96,"396,247","297,185","99,062",75,"2,779.63",988.71,35.57%,"1,162.26",41.81%,94.89,3.41%,"2,779.63",298.14,10.73%,235.63,8.48%,"18,261.52","2,779.63","1,057.75",5.79%,"3,837.38",21.01%
Jackson,"42,753.63","7,050.45",16.49%,84,155,"2,896.98",41.09%,0,0,0,0,0,0,50,"7,050.45",283.38,4.02%,"5,551.32",78.74%,"1,144.95",16.24%,"7,050.45",54.8,0.78%,16,0.23%,"42,753.63","7,050.45","32,229.18",75.38%,"39,279.63",91.87%
Jaffrey,"24,580.14","14,395.39",58.57%,339,496,"3,485.93",24.22%,13.4,"1,500",21.39,"60,580","45,435","15,145",75,"14,395.39","1,174.92",8.16%,"9,274.23",64.42%,"2,404.63",16.70%,"14,395.39",107.07,0.74%,"1,434.54",9.97%,"24,580.14","14,395.39","5,587.77",22.73%,"19,983.16",81.30%
Jefferson,"32,061.52","16,738.07",52.21%,255,381,"11,105.60",66.35%,3.25,"4,980",10.1,"4,890",0,"4,890",0,"16,738.07","1,766.03",10.55%,"12,845.17",76.74%,"1,234.82",7.38%,"16,738.07",243.98,1.46%,648.07,3.87%,"32,061.52","16,738.07","10,473.35",32.67%,"27,211.42",84.87%
Keene,"23,714.29","11,445.85",48.27%,240,367,"3,506.83",30.64%,2.97,"26,565",0,"1,480","1,480",0,100,"11,445.85",856.65,7.48%,"7,932.68",69.31%,"2,182.76",19.07%,"11,445.85",72.01,0.63%,401.75,3.51%,"23,714.29","11,445.85","2,840.79",11.98%,"14,286.64",60.24%
Kensington,"7,667.77","3,947.59",51.48%,120,181,"1,253.33",31.75%,10.17,0,0,"39,720","39,720",0,100,"3,947.59","1,272.84",32.24%,"1,770.92",44.86%,473.19,11.99%,"3,947.59",100.77,2.55%,329.87,8.36%,"7,667.77","3,947.59",728.28,9.50%,"4,675.87",60.98%
Kilkenny,"16,440.38",0,0.00%,0,0,0,0.00%,0,0,0,0,0,0,0,0,0,0.00%,0,0.00%,0,0.00%,0,0,0.00%,0,0.00%,"16,440.38",0,"16,438.91",99.99%,"16,438.91",99.99%
Kingston,"12,704.23","4,080.68",32.12%,127,254,968.61,23.74%,0,"8,400",1,0,0,0,0,"4,080.68",284.04,6.96%,"2,393.90",58.66%,201.35,4.93%,"4,080.68","1,115.44",27.33%,85.95,2.11%,"12,704.23","4,080.68",852.53,6.71%,"4,933.21",38.83%
Laconia,"12,860.52","3,786.26",29.44%,97,226,"1,548.37",40.89%,5.18,0,7.42,"41,790",0,"41,790",0,"3,786.26",157.02,4.15%,"3,123.36",82.49%,303.03,8.00%,"3,786.26",38.82,1.03%,164.03,4.33%,"12,860.52","3,786.26",897.92,6.98%,"4,684.18",36.42%
Lancaster,"32,129.91","24,590.91",76.54%,339,655,"9,195.08",37.39%,0,0,20.52,"14,610","1,461","13,149",10,"24,590.91","4,273.96",17.38%,"11,604.61",47.19%,"7,959.18",32.37%,"24,590.91",351.2,1.43%,401.96,1.63%,"32,129.91","24,590.91","2,638.11",8.21%,"27,229.02",84.75%
Landaff,"18,181.35","11,699.74",64.35%,144,251,"5,307.48",45.36%,26.03,500,4.38,0,0,0,0,"11,699.74","1,168.73",9.99%,"9,746.75",83.31%,655.73,5.60%,"11,699.74",77.2,0.66%,51.33,0.44%,"18,181.35","11,699.74","4,867.51",26.77%,"16,567.25",91.12%
Langdon,"10,443.69","8,130.65",77.85%,145,195,"3,175.42",39.05%,20,"10,240",0,0,0,0,0,"8,130.65","1,358.60",16.71%,"5,456.50",67.11%,832.9,10.24%,"8,130.65",478.65,5.89%,4,0.05%,"10,443.69","8,130.65",415.28,3.98%,"8,545.93",81.83%
Lebanon,"25,814.04","13,629.24",52.80%,175,309,"8,128.63",59.64%,46.71,0,45.13,"742,740","742,740",0,100,"13,629.24","1,455.67",10.68%,"7,001.32",51.37%,"4,311.69",31.64%,"13,629.24",360.12,2.64%,500.44,3.67%,"25,814.04","13,629.24","1,269.40",4.92%,"14,898.64",57.72%
Lee,"12,788.34","6,845.75",53.53%,228,295,"2,112.53",30.86%,12.13,"22,900",9.66,"49,300","24,650","24,650",50,"6,845.75","1,629.08",23.80%,"3,313.84",48.41%,712.2,10.40%,"6,845.75",86.99,1.27%,"1,103.64",16.12%,"12,788.34","6,845.75",639.92,5.00%,"7,485.67",58.54%
Lempster,"20,689.20","14,304.39",69.14%,212,330,"1,206.16",8.43%,3.56,"5,700",0.26,0,0,0,25,"14,304.39",383.1,2.68%,"11,830.28",82.70%,"1,558.11",10.89%,"14,304.39",22.08,0.15%,510.82,3.57%,"20,689.20","14,304.39","3,484.39",16.84%,"17,788.78",85.98%
Lincoln,"83,701.56","1,261.49",1.51%,12,13,492.59,39.05%,0,0,0,0,0,0,0,"1,261.49",2.8,0.22%,"1,200.19",95.14%,0,0.00%,"1,261.49",0,0.00%,58.5,4.64%,"83,701.56","1,261.49","79,570.59",95.06%,"80,832.08",96.57%
Lisbon,"16,960.82","13,269.46",78.24%,210,326,"3,501.80",26.39%,24.84,"15,000",0,0,0,0,10,"13,269.46","1,034.56",7.80%,"10,978.62",82.74%,952.51,7.18%,"13,269.46",114.86,0.87%,188.91,1.42%,"16,960.82","13,269.46",140.92,0.83%,"13,410.38",79.07%
Litchfield,"9,550.01","2,111.33",22.11%,59,102,49.61,2.35%,10.43,"20,000",37.03,"118,779","95,023","23,756",80,"2,111.33",697.91,33.06%,764.73,36.22%,180.24,8.54%,"2,111.33",120.08,5.69%,348.37,16.50%,"9,550.01","2,111.33",986.67,10.33%,"3,098.00",32.44%
Littleton,"32,021.11","19,809.77",61.86%,257,277,"8,173.07",41.26%,48.48,100,13.19,"12,400","12,400",0,100,"19,809.77",785.82,3.97%,"16,488.95",83.24%,"1,868.32",9.43%,"19,809.77",0,0.00%,666.68,3.37%,"32,021.11","19,809.77",180.32,0.56%,"19,990.09",62.43%
Livermore,"40,818.79",0,0.00%,0,0,0,0.00%,0,0,0,0,0,0,0,0,0,0.00%,0,0.00%,0,0.00%,0,0,0.00%,0,0.00%,"40,818.79",0,"40,846.52",100.07%,"40,846.52",100.07%
Londonderry,"26,897.90","4,126.79",15.34%,243,144,"1,327.29",32.16%,40.87,"160,000",0,"395,146","210,459","184,687",40,"4,126.79",527.51,12.78%,"2,539.40",61.53%,276.36,6.70%,"4,126.79",608.09,14.74%,175.43,4.25%,"26,897.90","4,126.79","2,134.14",7.93%,"6,260.93",23.28%
Loudon,"29,452.51","18,083.59",61.40%,334,469,"9,264.40",51.23%,8.58,"20,000",44.62,"37,500","18,750","18,750",50,"18,083.59","1,877.61",10.38%,"12,987.72",71.82%,"1,686.01",9.32%,"18,083.59",120.95,0.67%,"1,411.30",7.80%,"29,452.51","18,083.59",762.72,2.59%,"18,846.31",63.99%
Low & Burbank's Grant,"16,728.20",0,0.00%,0,0,0,0.00%,0,0,0,0,0,0,0,0,0,0.00%,0,0.00%,0,0.00%,0,0,0.00%,0,0.00%,"16,728.20",0,"16,728.19",100.00%,"16,728.19",100.00%
Lyman,"18,173.01","16,216.04",89.23%,227,337,"3,914.82",24.14%,22.37,"10,000",8.17,"4,720",0,"4,720",0,"16,216.04","1,137.41",7.01%,"12,117.85",74.73%,"2,565.83",15.82%,"16,216.04",20.3,0.13%,374.65,2.31%,"18,173.01","16,216.04",156.67,0.86%,"16,372.71",90.09%
Lyme,"34,459.81","26,163.09",75.92%,308,419,"22,816.68",87.21%,2.5,0,0,0,0,0,100,"26,163.09","2,962.24",11.32%,"14,836.49",56.71%,"7,686.23",29.38%,"26,163.09",255.72,0.98%,422.41,1.61%,"34,459.81","26,163.09","4,304.63",12.49%,"30,467.72",88.42%
Lyndeborough,"19,297.50","15,467.56",80.15%,261,426,"6,358.36",41.11%,4.5,"10,000",9.97,0,0,0,50,"15,467.56",774.87,5.01%,"10,932.82",70.68%,"2,944.74",19.04%,"15,467.56",813.13,5.26%,2,0.01%,"19,297.50","15,467.56","1,581.13",8.19%,"17,048.69",88.35%
Madbury,"7,390.13","3,545.14",47.97%,99,136,539.57,15.22%,0,"6,000",0,0,0,0,50,"3,545.14",847.21,23.90%,"2,309.80",65.15%,187.43,5.29%,"3,545.14",4.53,0.13%,196.17,5.53%,"7,390.13","3,545.14","1,230.65",16.65%,"4,775.79",64.62%
Madison,"24,765.91","15,700.86",63.40%,213,314,"8,127.11",51.76%,10,0,48.62,"18,489","9,244","9,245",50,"15,700.86",276.98,1.76%,"11,359.21",72.35%,"3,022.96",19.25%,"15,700.86",622.29,3.96%,419.42,2.67%,"24,765.91","15,700.86","2,286.62",9.23%,"17,987.48",72.63%
Manchester,"21,150.74","1,273.45",6.02%,27,45,730.79,57.39%,0,0,1.66,0,0,0,0,"1,273.45",75.11,5.90%,765.52,60.11%,0,0.00%,"1,273.45",0,0.00%,432.82,33.99%,"21,150.74","1,273.45","2,261.13",10.69%,"3,534.58",16.71%
Marlborough,"13,061.42","10,136.58",77.61%,208,278,228.27,2.25%,9.7,"25,670",7.7,"25,670","2,567","23,103",10,"10,136.58",556.3,5.49%,"7,857.06",77.51%,"1,339.01",13.21%,"10,136.58",118.4,1.17%,265.81,2.62%,"13,061.42","10,136.58","1,227.82",9.40%,"11,364.40",87.01%
Marlow,"16,656.94","12,854.50",77.17%,187,253,"5,546.77",43.15%,0,0,0,0,0,0,0,"12,854.50",269.9,2.10%,"10,725.93",83.44%,830.66,6.46%,"12,854.50",475.66,3.70%,552.35,4.30%,"16,656.94","12,854.50","1,774.82",10.66%,"14,629.32",87.83%
Martin's Location,"2,403.24",0,0.00%,0,0,0,0.00%,0,0,0,0,0,0,0,0,0,0.00%,0,0.00%,0,0.00%,0,0,0.00%,0,0.00%,"2,403.24",0,"2,403.24",100.00%,"2,403.24",100.00%
Mason,"15,343.51","8,633.48",56.27%,179,257,"2,637.60",30.55%,11.15,0,9.9,0,0,0,100,"8,633.48",291.28,3.37%,"6,670.91",77.27%,"1,374.18",15.92%,"8,633.48",9.5,0.11%,287.61,3.33%,"15,343.51","8,633.48","1,699.20",11.07%,"10,332.68",67.34%
Meredith,"25,804.37","10,691.98",41.43%,269,468,"4,182.54",39.12%,26.72,"50,500",26.67,"76,300","50,000","26,300",0,"10,691.98",532.42,4.98%,"8,826.90",82.56%,788.82,7.38%,"10,691.98",98.42,0.92%,445.42,4.17%,"25,804.37","10,691.98","2,771.61",10.74%,"13,463.59",52.18%
Merrimack,"20,879.47","2,429.85",11.64%,80,153,785.15,32.31%,22.8,"175,000",12.84,"397,200","3,760","393,440",50,"2,429.85",186.04,7.66%,"1,973.75",81.23%,0,0.00%,"2,429.85",99.56,4.10%,170.5,7.02%,"20,879.47","2,429.85","2,768.29",13.26%,"5,198.14",24.90%
Middleton,"11,568.46","6,567.59",56.77%,90,124,"4,569.13",69.57%,0,600,11.04,0,0,0,100,"6,567.59",121.15,1.84%,"3,604.45",54.88%,"2,353.88",35.84%,"6,567.59",63,0.96%,425.11,6.47%,"11,568.46","6,567.59","2,527.19",21.85%,"9,094.78",78.62%
Milan,"40,916.29","26,430.00",64.60%,176,312,"19,590.77",74.12%,38.26,"8,500",17.92,"31,651",0,"31,651",0,"26,430.00","1,046.19",3.96%,"10,424.13",39.44%,"13,523.53",51.17%,"26,430.00",781.54,2.96%,654.61,2.48%,"40,916.29","26,430.00","7,181.22",17.55%,"33,611.22",82.15%
Milford,"16,266.11","5,688.91",34.97%,151,244,"1,277.28",22.45%,11.13,"9,800",30.12,"42,780",0,"42,780",0,"5,688.91",736.51,12.95%,"4,061.84",71.40%,569.62,10.01%,"5,688.91",320.94,5.64%,0,0.00%,"16,266.11","5,688.91","1,720.74",10.58%,"7,409.65",45.55%
Millsfield,"28,715.83","27,114.58",94.42%,18,32,"27,114.58",100.00%,48.93,0,0.36,0,0,0,0,"27,114.58",120.9,0.45%,"1,483.24",5.47%,"23,575.64",86.95%,"27,114.58","1,851.80",6.83%,83,0.31%,"28,715.83","27,114.58","1,231.36",4.29%,"28,345.94",98.71%
Milton,"21,159.70","12,734.73",60.18%,223,358,"6,643.83",52.17%,2.7,"30,000",0,0,0,0,50,"12,734.73",806.86,6.34%,"7,269.06",57.08%,"3,864.93",30.35%,"12,734.73",24.85,0.20%,769.03,6.04%,"21,159.70","12,734.73","3,278.15",15.49%,"16,012.88",75.68%
Monroe,"14,356.14","8,327.40",58.01%,69,129,"3,286.52",39.47%,0,0,0,710,0,710,0,"8,327.40",965.21,11.59%,"7,131.92",85.64%,61.79,0.74%,"8,327.40",52.68,0.63%,115.8,1.39%,"14,356.14","8,327.40",4.13,0.03%,"8,331.53",58.03%
Mont Vernon,"10,770.39","5,509.85",51.16%,167,240,674.18,12.24%,0,"62,000",40.81,0,0,0,0,"5,509.85",412.29,7.48%,"4,312.08",78.26%,358.44,6.51%,"5,509.85",133.58,2.42%,293.46,5.33%,"10,770.39","5,509.85","1,834.36",17.03%,"7,344.21",68.19%
Moultonborough,"38,425.39","15,198.45",39.55%,150,259,"6,934.40",45.63%,10.51,"37,000",8.55,0,0,0,0,"15,198.45",302.97,1.99%,"7,189.02",47.30%,"6,723.15",44.24%,"15,198.45",147.48,0.97%,835.83,5.50%,"38,425.39","15,198.45","8,488.43",22.09%,"23,686.88",61.64%
Nashua,"19,682.09",420.88,2.14%,27,64,0,0.00%,1.29,0,23.16,0,0,0,100,420.88,104.15,24.75%,302.41,71.85%,0,0.00%,420.88,0,0.00%,14.32,3.40%,"19,682.09",420.88,"2,329.80",11.84%,"2,750.68",13.98%
Nelson,"14,019.16","10,154.55",72.43%,160,255,"3,073.46",30.27%,0.95,0,12.77,"2,650","2,650",0,100,"10,154.55",409.95,4.04%,"5,697.26",56.11%,"3,683.84",36.28%,"10,154.55",198.88,1.96%,164.62,1.62%,"14,019.16","10,154.55","2,172.73",15.50%,"12,327.28",87.93%
New Boston,"27,505.92","15,081.92",54.83%,367,551,"4,362.68",28.93%,59.09,"13,890",32.1,"160,590","96,354","64,236",60,"15,081.92","1,166.77",7.74%,"10,224.68",67.79%,"2,224.84",14.75%,"15,081.92",0,0.00%,"1,465.63",9.72%,"27,505.92","15,081.92","4,682.52",17.02%,"19,764.44",71.86%
New Castle,521.22,23.6,4.53%,2,2,0,0.00%,0,0,0,0,0,0,0,23.6,0,0.00%,14.52,61.53%,0,0.00%,23.6,9.08,38.47%,0,0.00%,521.22,23.6,87.14,16.72%,110.74,21.25%
New Durham,"26,487.92","18,237.63",68.85%,236,218,"12,199.39",66.89%,11.63,"7,000",0,"4,000",0,"4,000",0,"18,237.63",478.42,2.62%,"8,903.60",48.82%,"7,825.81",42.91%,"18,237.63",253.83,1.39%,775.97,4.25%,"26,487.92","18,237.63","4,717.63",17.81%,"22,955.26",86.66%
New Hampton,"23,560.69","15,915.85",67.55%,261,401,"10,326.42",64.88%,0,"31,630",0,0,0,0,50,"15,915.85",995.63,6.26%,"13,796.08",86.68%,962.35,6.05%,"15,915.85",76.47,0.48%,85.32,0.54%,"23,560.69","15,915.85","2,681.83",11.38%,"18,597.68",78.94%
New Ipswich,"20,953.80","13,472.06",64.29%,286,403,"3,451.97",25.62%,7.35,0,9.37,"16,800","16,800",0,100,"13,472.06",748.53,5.56%,"9,009.09",66.87%,"2,692.15",19.98%,"13,472.06",44.9,0.33%,977.39,7.25%,"20,953.80","13,472.06","1,470.61",7.02%,"14,942.67",71.31%
New London,"14,304.60","6,573.33",45.95%,189,265,"2,263.80",34.44%,0,"50,000",31.57,0,0,0,50,"6,573.33",626.24,9.53%,"3,842.04",58.45%,"1,825.87",27.78%,"6,573.33",260.06,3.96%,19.12,0.29%,"14,304.60","6,573.33",752,5.26%,"7,325.33",51.21%
Newbury,"22,917.89","12,118.46",52.88%,177,277,"8,806.69",72.67%,71.4,"25,000",3.08,"95,894","47,947","47,947",50,"12,118.46",364.45,3.01%,"6,562.44",54.15%,"4,577.92",37.78%,"12,118.46",277.4,2.29%,336.25,2.77%,"22,917.89","12,118.46","4,311.80",18.81%,"16,430.26",71.69%
Newfields,"4,540.42","1,642.62",36.18%,47,66,723.18,44.03%,0.4,"40,000",0,0,0,0,0,"1,642.62",151.75,9.24%,900.65,54.83%,365.69,22.26%,"1,642.62",0,0.00%,224.53,13.67%,"4,540.42","1,642.62",896.82,19.75%,"2,539.44",55.93%
Newington,"5,273.68",523.67,9.93%,27,29,0,0.00%,0,10,1.84,0,0,0,100,523.67,172.04,32.85%,247.78,47.32%,0,0.00%,523.67,14.19,2.71%,89.66,17.12%,"5,273.68",523.67,"1,341.66",25.44%,"1,865.33",35.37%
Newmarket,"8,042.28","3,011.34",37.44%,78,136,294.54,9.78%,14.67,"18,958",14.02,0,0,0,50,"3,011.34",762.29,25.31%,"1,675.40",55.64%,208.62,6.93%,"3,011.34",0,0.00%,365.03,12.12%,"8,042.28","3,011.34","1,224.98",15.23%,"4,236.32",52.68%
Newport,"27,855.01","19,090.29",68.53%,330,500,"8,794.85",46.07%,25.61,"5,000",23.31,"19,850",0,"19,850",0,"19,090.29","1,214.53",6.36%,"14,215.15",74.46%,"2,872.86",15.05%,"19,090.29",162.6,0.85%,625.15,3.27%,"27,855.01","19,090.29","1,193.96",4.29%,"20,284.25",72.82%
Newton,"6,294.38","1,425.89",22.65%,62,83,80.2,5.62%,9.62,0,9.62,"26,000","6,500","19,500",25,"1,425.89",94.18,6.60%,"1,055.94",74.05%,40.2,2.82%,"1,425.89",115.54,8.10%,120.03,8.42%,"6,294.38","1,425.89",787.47,12.51%,"2,213.36",35.16%
North Hampton,"8,913.57","2,362.08",26.50%,91,162,316.85,13.41%,0,0,1.03,0,0,0,0,"2,362.08",285.73,12.10%,"1,124.16",47.59%,150.84,6.39%,"2,362.08",644.41,27.28%,156.94,6.64%,"8,913.57","2,362.08",688.12,7.72%,"3,050.20",34.22%
Northfield,"18,299.61","11,993.59",65.54%,240,341,"5,884.72",49.07%,27.94,"45,000",5.56,"47,336","23,668","23,668",50,"11,993.59",952.14,7.94%,"8,533.40",71.15%,"1,859.22",15.50%,"11,993.59",119.15,0.99%,529.68,4.42%,"18,299.61","11,993.59",475.29,2.60%,"12,468.88",68.14%
Northumberland,"23,505.48","17,155.98",72.99%,163,300,"9,807.64",57.17%,0,"8,850",10.59,0,0,0,0,"17,155.98","1,662.09",9.69%,"8,274.11",48.23%,"5,076.59",29.59%,"17,155.98",704.62,4.11%,"1,438.57",8.39%,"23,505.48","17,155.98","4,321.72",18.39%,"21,477.70",91.37%
Northwood,"18,002.60","9,585.62",53.25%,244,351,"2,762.52",28.82%,11.08,"18,425",38.8,"13,060","6,530","6,530",50,"9,585.62",747.7,7.80%,"6,447.87",67.27%,"1,583.45",16.52%,"9,585.62",181.4,1.89%,625.2,6.52%,"18,002.60","9,585.62","2,434.54",13.52%,"12,020.16",66.77%
Nottingham,"29,775.88","17,260.19",57.97%,287,414,"8,940.30",51.80%,98.14,0,86.4,"167,100","167,100",0,100,"17,260.19",650.2,3.77%,"10,109.54",58.57%,"4,962.72",28.75%,"17,260.19",118.92,0.69%,"1,418.81",8.22%,"29,775.88","17,260.19","5,357.08",17.99%,"22,617.27",75.96%
Odell,"28,613.96","10,500.00",36.70%,1,1,"10,500.00",100.00%,0,0,0,0,0,0,0,"10,500.00",0,0.00%,0,0.00%,"10,121.00",96.39%,"10,500.00",106,1.01%,273,2.60%,"28,613.96","10,500.00","18,176.71",63.52%,"28,676.71",100.22%
Orange,"14,775.65","8,717.71",59.00%,97,140,"4,471.94",51.30%,1,"3,650",0,0,0,0,0,"8,717.71",166.62,1.91%,"7,674.90",88.04%,772.09,8.86%,"8,717.71",42.4,0.49%,61.7,0.71%,"14,775.65","8,717.71","5,041.83",34.12%,"13,759.54",93.12%
Orford,"29,715.36","25,556.70",86.01%,211,422,"9,612.42",37.61%,21.85,"6,555",7.15,"43,905","24,873","19,032",50,"25,556.70","1,702.36",6.66%,"7,705.63",30.15%,"14,792.59",57.88%,"25,556.70","1,216.55",4.76%,139.57,0.55%,"29,715.36","25,556.70","1,461.50",4.92%,"27,018.20",90.92%
Ossipee,"45,376.04","24,066.38",53.04%,289,575,"8,135.24",33.80%,24.85,"50,000",12.07,880,0,880,0,"24,066.38",428.88,1.78%,"13,963.18",58.02%,"7,626.62",31.69%,"24,066.38",992.93,4.13%,"1,054.77",4.38%,"45,376.04","24,066.38","5,932.58",13.07%,"29,998.96",66.11%
Pelham,"16,820.74","3,377.18",20.08%,157,213,68.79,2.04%,21.07,0,15.75,"245,430","245,430",0,100,"3,377.18",537.43,15.91%,"1,768.60",52.37%,170.83,5.06%,"3,377.18",182.03,5.39%,718.29,21.27%,"16,820.74","3,377.18","2,056.81",12.23%,"5,433.99",32.31%
Pembroke,"14,486.99","7,938.43",54.80%,205,286,"2,758.41",34.75%,38.72,0,51.37,"59,680","59,680",0,100,"7,938.43",894.21,11.26%,"6,239.26",78.60%,584.73,7.37%,"7,938.43",129.67,1.63%,90.56,1.14%,"14,486.99","7,938.43",490.96,3.39%,"8,429.39",58.19%
Peterborough,"24,330.61","14,326.94",58.88%,270,397,"3,394.20",23.69%,4.5,"8,000",64.39,"30,400","27,450","2,950",0,"14,326.94","1,086.38",7.58%,"8,800.59",61.43%,"3,410.92",23.81%,"14,326.94","1,029.05",7.18%,0,0.00%,"24,330.61","14,326.94","2,850.68",11.72%,"17,177.62",70.60%
Piermont,"24,720.07","18,953.09",76.67%,140,256,"9,660.00",50.97%,0,0,26.21,0,0,0,10,"18,953.09","2,579.33",13.61%,"7,281.05",38.42%,"7,488.97",39.51%,"18,953.09","1,072.11",5.66%,531.63,2.80%,"24,720.07","18,953.09","2,777.05",11.23%,"21,730.14",87.90%
Pinkham's Grant,"2,431.22",0,0.00%,0,0,0,0.00%,0,0,0,0,0,0,0,0,0,0.00%,0,0.00%,0,0.00%,0,0,0.00%,0,0.00%,"2,431.22",0,"2,428.40",99.88%,"2,428.40",99.88%
Pittsburg,"180,680.46","131,510.38",72.79%,129,255,"129,436.91",98.42%,11.19,"18,500",21.31,"23,995",0,"23,995",0,"131,510.38",986.51,0.75%,"8,523.11",6.48%,"118,962.05",90.46%,"131,510.38",413.2,0.31%,"2,625.51",2.00%,"180,680.46","131,510.38","28,817.45",15.95%,"160,327.83",88.74%
Pittsfield,"15,440.25","9,878.13",63.98%,224,360,"3,103.82",31.42%,53.31,"108,000",37.8,"39,930","7,986","31,944",20,"9,878.13","1,270.95",12.87%,"7,060.96",71.48%,953.37,9.65%,"9,878.13",173.71,1.76%,419.14,4.24%,"15,440.25","9,878.13",632.42,4.10%,"10,510.55",68.07%
Plainfield,"33,417.74","28,070.18",84.00%,446,617,"9,912.58",35.31%,13,"6,000",2.23,"11,690","5,845","5,845",50,"28,070.18","2,979.52",10.61%,"16,682.86",59.43%,"7,068.38",25.18%,"28,070.18",528.49,1.88%,810.93,2.89%,"33,417.74","28,070.18","1,174.45",3.51%,"29,244.63",87.51%
Plaistow,"6,789.60",804.38,11.85%,34,46,0,0.00%,45.71,0,0,0,0,0,0,804.38,86.59,10.76%,563.25,70.02%,0,0.00%,804.38,119.64,14.87%,34.9,4.34%,"6,789.60",804.38,267.75,3.94%,"1,072.13",15.79%
Plymouth,"18,063.11","11,356.57",62.87%,227,358,"2,208.00",19.44%,100.91,"20,000",7,"37,186",0,"37,186",0,"11,356.57","1,073.86",9.46%,"8,291.41",73.01%,"1,468.16",12.93%,"11,356.57",176.94,1.56%,346.2,3.05%,"18,063.11","11,356.57",497.85,2.76%,"11,854.42",65.63%
Portsmouth,"10,033.92",480.69,4.79%,25,38,313.05,65.13%,0,0,0,"300,000","300,000",0,100,480.69,64.9,13.50%,291.02,60.54%,10,2.08%,480.69,30.35,6.31%,84.42,17.56%,"10,033.92",480.69,"1,107.88",11.04%,"1,588.57",15.83%
Randolph,"30,114.14","2,644.43",8.78%,55,88,"1,861.89",70.41%,0,21,0,42,21,21,50,"2,644.43",84.82,3.21%,"1,767.09",66.82%,720.22,27.24%,"2,644.43",22.16,0.84%,50.14,1.90%,"30,114.14","2,644.43","16,324.29",54.21%,"18,968.72",62.99%
Raymond,"18,440.21","5,432.00",29.46%,101,145,189.37,3.49%,0,"5,000",2.3,0,0,0,0,"5,432.00",172.43,3.17%,"4,561.51",83.97%,197.06,3.63%,"5,432.00",0,0.00%,501,9.22%,"18,440.21","5,432.00","1,421.39",7.71%,"6,853.39",37.17%
Richmond,"24,027.85","19,090.76",79.45%,217,445,"9,709.97",50.86%,10.16,0,2.01,"7,670",0,"7,670",0,"19,090.76",159.56,0.84%,"10,922.94",57.22%,"7,514.06",39.36%,"19,090.76",456.31,2.39%,37.89,0.20%,"24,027.85","19,090.76",890.21,3.70%,"19,980.97",83.16%
Rindge,"23,724.93","11,700.55",49.32%,301,459,185.2,1.58%,189.69,0,0,"47,300","47,300",0,100,"11,700.55",675.88,5.78%,"8,626.27",73.73%,627.4,5.36%,"11,700.55",216.75,1.85%,"1,554.25",13.28%,"23,724.93","11,700.55","2,637.26",11.12%,"14,337.81",60.43%
Rochester,"28,688.17","10,536.60",36.73%,255,406,"4,095.33",38.87%,46.85,0,51.71,"351,936","351,936",0,100,"10,536.60","1,646.72",15.63%,"6,876.36",65.26%,"1,023.44",9.71%,"10,536.60",625.35,5.94%,364.73,3.46%,"28,688.17","10,536.60",967.68,3.37%,"11,504.28",40.10%
Rollinsford,"4,680.05","2,292.77",48.99%,61,94,31.77,1.39%,0,0,0,0,0,0,0,"2,292.77","1,167.44",50.92%,536.24,23.39%,511.38,22.30%,"2,292.77",4,0.17%,73.71,3.21%,"4,680.05","2,292.77",149.29,3.19%,"2,442.06",52.18%
Roxbury,"7,656.68","4,583.86",59.87%,62,107,838.69,18.30%,0,0,0,0,0,0,0,"4,583.86",160.77,3.51%,"3,448.31",75.23%,962.08,20.99%,"4,583.86",1.3,0.03%,11.4,0.25%,"7,656.68","4,583.86","3,355.86",43.83%,"7,939.72",103.70%
Rumney,"26,863.89","10,106.43",37.62%,174,264,"6,263.25",61.97%,0,"21,000",3.65,"12,000","6,000","6,000",50,"10,106.43",869.58,8.60%,"9,051.28",89.56%,0,0.00%,"10,106.43",137.31,1.36%,48.26,0.48%,"26,863.89","10,106.43","12,221.70",45.49%,"22,328.13",83.12%
Rye,"8,090.97","1,295.00",16.01%,73,95,106,8.19%,0,0,0,0,0,0,0,"1,295.00",212,16.37%,463,35.75%,71,5.48%,"1,295.00",3,0.23%,546,42.16%,"8,090.97","1,295.00","1,649.16",20.38%,"2,944.16",36.39%
Salem,"15,876.67","1,137.98",7.17%,57,75,0,0.00%,31.09,0,64.26,0,0,0,100,"1,137.98",201.14,17.68%,731.28,64.26%,0,0.00%,"1,137.98",0,0.00%,205.56,18.06%,"15,876.67","1,137.98",697.85,4.40%,"1,835.83",11.56%
Salisbury,"25,318.43","18,316.84",72.35%,254,338,"9,633.26",52.59%,18.78,"23,649",22.06,"12,581","6,290","6,291",50,"18,316.84",808.94,4.42%,"10,546.08",57.58%,"6,262.60",34.19%,"18,316.84",65.75,0.36%,633.47,3.46%,"25,318.43","18,316.84","3,622.28",14.31%,"21,939.12",86.65%
Sanbornton,"30,261.93","19,343.09",63.92%,379,539,"6,195.46",32.03%,47.74,0,36,"55,640","55,640",0,100,"19,343.09","1,770.94",9.16%,"10,846.54",56.07%,"6,109.95",31.59%,"19,343.09",165.08,0.85%,450.58,2.33%,"30,261.93","19,343.09","2,834.73",9.37%,"22,177.82",73.29%
Sandown,"8,952.25","2,599.65",29.04%,108,236,163.91,6.31%,12.5,0,0,0,0,0,100,"2,599.65",382.54,14.72%,"1,743.05",67.05%,54.01,2.08%,"2,599.65",101.5,3.90%,318.55,12.25%,"8,952.25","2,599.65",404,4.51%,"3,003.65",33.55%
Sandwich,"58,394.34","26,474.62",45.34%,368,538,"15,128.11",57.14%,35.44,"157,030",26.55,"52,560","15,515","37,045",25,"26,474.62",963.62,3.64%,"13,006.53",49.13%,"10,952.55",41.37%,"26,474.62",450.86,1.70%,"1,101.06",4.16%,"58,394.34","26,474.62","21,131.79",36.19%,"47,606.41",81.53%
Sargent's Purchase,"16,557.01",0,0.00%,0,0,0,0.00%,0,0,0,0,0,0,0,0,0,0.00%,0,0.00%,0,0.00%,0,0,0.00%,0,0.00%,"16,557.01",0,"16,544.73",99.93%,"16,544.73",99.93%
Seabrook,"5,759.71",206.23,3.58%,10,14,33.76,16.37%,0,0,0,0,0,0,0,206.23,42.85,20.78%,118.56,57.49%,0,0.00%,206.23,17.05,8.27%,27.77,13.47%,"5,759.71",206.23,313,5.43%,519.23,9.01%
Second College Grant,"26,742.30","26,615.72",99.53%,1,4,"26,615.72",100.00%,0,0,0,0,0,0,0,"26,615.72",0,0.00%,0,0.00%,"23,939.00",89.94%,"26,615.72","2,676.72",10.06%,0,0.00%,"26,742.30","26,615.72","26,748.42",100.02%,"53,364.14",199.55%
Sharon,"10,022.20","7,669.02",76.52%,76,124,775.8,10.12%,0,0,4.8,0,0,0,100,"7,669.02",92.77,1.21%,"5,399.83",70.41%,"1,546.20",20.16%,"7,669.02",70.17,0.91%,560.05,7.30%,"10,022.20","7,669.02","3,334.41",33.27%,"11,003.43",109.79%
Shelburne,"30,635.26","13,260.40",43.28%,47,75,"10,911.40",82.29%,3.41,0,0,0,0,0,0,"13,260.40",316.22,2.38%,"1,902.49",14.35%,"10,289.87",77.60%,"13,260.40",284.78,2.15%,467.04,3.52%,"30,635.26","13,260.40","16,252.97",53.05%,"29,513.37",96.34%
Somersworth,"6,280.89",785.51,12.51%,16,51,0,0.00%,11.4,0,59.2,"53,648","53,648",0,100,785.51,167.96,21.38%,510.28,64.96%,0,0.00%,785.51,5.34,0.68%,101.93,12.98%,"6,280.89",785.51,390.9,6.22%,"1,176.41",18.73%
South Hampton,"5,063.02","3,284.77",64.88%,101,143,268.64,8.18%,0,"8,400",0,0,0,0,50,"3,284.77",756.03,23.02%,"2,081.14",63.36%,43.19,1.31%,"3,284.77",65,1.98%,339.41,10.33%,"5,063.02","3,284.77",133.24,2.63%,"3,418.01",67.51%
Springfield,"27,914.61","14,423.35",51.67%,172,278,"6,629.75",45.97%,3.8,"10,000",6.18,"5,990",0,"5,990",0,"14,423.35",642.57,4.46%,"10,025.26",69.51%,"3,187.46",22.10%,"14,423.35",53.19,0.37%,514.87,3.57%,"27,914.61","14,423.35","8,041.52",28.81%,"22,464.87",80.48%
Stark,"37,901.86","10,768.25",28.41%,147,254,"6,647.01",61.73%,26.44,"7,500",14.19,"16,700",0,"16,700",0,"10,768.25",601.76,5.59%,"5,584.65",51.86%,"3,955.52",36.73%,"10,768.25",382.14,3.55%,244.18,2.27%,"37,901.86","10,768.25","26,856.90",70.86%,"37,625.15",99.27%
Stewartstown,"29,772.67","23,490.41",78.90%,263,406,"15,687.74",66.78%,5.76,0,36.95,"6,900",0,"6,900",0,"23,490.41","2,285.13",9.73%,"9,880.44",42.06%,"10,575.63",45.02%,"23,490.41",290.64,1.24%,458.57,1.95%,"29,772.67","23,490.41","3,213.12",10.79%,"26,703.53",89.69%
Stoddard,"32,588.18","25,809.78",79.20%,107,209,"20,596.55",79.80%,0,0,0,0,0,0,0,"25,809.78",182.87,0.71%,"23,641.80",91.60%,0,0.00%,"25,809.78",614.76,2.38%,"1,370.35",5.31%,"32,588.18","25,809.78","5,621.03",17.25%,"31,430.81",96.45%
Strafford,"31,342.75","23,737.38",75.73%,374,595,"10,508.07",44.27%,50.17,0,74.08,"93,210","93,210",0,100,"23,737.38","1,139.69",4.80%,"12,936.21",54.50%,"7,757.37",32.68%,"23,737.38",173.1,0.73%,"1,731.01",7.29%,"31,342.75","23,737.38","6,123.80",19.54%,"29,861.18",95.27%
Stratford,"51,146.78","35,686.97",69.77%,171,270,"32,479.68",91.01%,15.93,"10,000",33.76,"26,436",0,"26,436",0,"35,686.97","1,115.53",3.13%,"11,242.26",31.50%,"21,429.93",60.05%,"35,686.97","1,539.90",4.32%,359.35,1.01%,"51,146.78","35,686.97","19,892.15",38.89%,"55,579.12",108.67%
Stratham,"9,679.39","2,344.01",24.22%,56,102,174.96,7.46%,67.33,0,30.14,"325,000","325,000",0,100,"2,344.01",999.69,42.65%,"1,041.52",44.43%,0,0.00%,"2,344.01",129.88,5.54%,172.92,7.38%,"9,679.39","2,344.01",710.97,7.35%,"3,054.98",31.56%
Success,"36,184.99","27,229.43",75.25%,3,7,"27,229.43",100.00%,0,0,0,0,0,0,0,"27,229.43",0,0.00%,10,0.04%,"23,781.87",87.34%,"27,229.43","1,993.76",7.32%,"1,443.80",5.30%,"36,184.99","27,229.43","6,366.29",17.59%,"33,595.72",92.84%
Sugar Hill,"10,955.99","8,041.30",73.40%,182,276,"2,621.22",32.60%,19.85,"57,000",0,"39,250","10,000","29,250",0,"8,041.30",891.38,11.09%,"4,453.88",55.39%,"2,393.34",29.76%,"8,041.30",98.21,1.22%,204.49,2.54%,"10,955.99","8,041.30",282.98,2.58%,"8,324.28",75.98%
Sullivan,"11,868.01","10,094.13",85.05%,144,228,"6,001.13",59.45%,9.53,0,1.73,"5,705",0,"5,705",50,"10,094.13",424.95,4.21%,"6,220.10",61.62%,"3,067.28",30.39%,"10,094.13",0,0.00%,381.8,3.78%,"11,868.01","10,094.13","1,786.38",15.05%,"11,880.51",100.11%
Sunapee,"13,484.17","6,559.00",48.64%,163,235,"3,622.90",55.24%,24.96,"48,000",11.46,"29,560","14,780","14,780",50,"6,559.00",493.52,7.52%,"4,773.04",72.77%,629.08,9.59%,"6,559.00",249.45,3.80%,413.91,6.31%,"13,484.17","6,559.00",474.14,3.52%,"7,033.14",52.16%
Surry,"10,042.25","6,731.17",67.03%,88,135,"3,611.60",53.65%,6.45,0,2.21,"8,775","4,388","4,387",50,"6,731.17",301.93,4.49%,"4,219.90",62.69%,"1,953.74",29.03%,"6,731.17",125.68,1.87%,129.92,1.93%,"10,042.25","6,731.17","2,227.25",22.18%,"8,958.42",89.21%
Sutton,"27,233.60","18,921.75",69.48%,367,475,"8,852.23",46.78%,12.63,0,0,"25,000","25,000",0,100,"18,921.75",573.58,3.03%,"13,258.17",70.07%,"4,043.56",21.37%,"18,921.75",71.02,0.38%,975.42,5.16%,"27,233.60","18,921.75","1,777.53",6.53%,"20,699.28",76.01%
Swanzey,"28,761.38","18,855.57",65.56%,274,525,"7,821.95",41.48%,17.96,"1,000",0,"19,084","9,542","9,542",50,"18,855.57",949.75,5.04%,"11,686.08",61.98%,"4,689.35",24.87%,"18,855.57",26.9,0.14%,"1,503.49",7.97%,"28,761.38","18,855.57","2,398.05",8.34%,"21,253.62",73.90%
Tamworth,"38,289.15","26,576.41",69.41%,330,593,"13,898.09",52.29%,11.83,"19,000",0,"3,050","3,050",0,0,"26,576.41","1,143.10",4.30%,"17,217.03",64.78%,"6,942.16",26.12%,"26,576.41","1,162.57",4.37%,111.55,0.42%,"38,289.15","26,576.41","8,374.43",21.87%,"34,950.84",91.28%
Temple,"14,240.76","10,055.15",70.61%,173,271,"2,427.51",24.14%,13.68,"26,534",21.62,"37,000","18,500","18,500",50,"10,055.15",951.78,9.47%,"7,829.79",77.87%,"1,082.80",10.77%,"10,055.15",4,0.04%,186.78,1.86%,"14,240.76","10,055.15","1,924.45",13.51%,"11,979.60",84.12%
Thompson & Meserve's Purchase,"11,848.90",0,0.00%,0,0,0,0.00%,0,0,0,0,0,0,0,0,0,0.00%,0,0.00%,0,0.00%,0,0,0.00%,0,0.00%,"11,848.90",0,"11,754.46",99.20%,"11,754.46",99.20%
Thornton,"32,176.75","8,510.97",26.45%,146,298,"2,280.55",26.80%,26.16,"25,000",4.24,"62,450","1,500","60,950",0,"8,510.97",777.65,9.14%,"6,805.10",79.96%,760.22,8.93%,"8,510.97",152.85,1.80%,15.15,0.18%,"32,176.75","8,510.97","15,377.15",47.79%,"23,888.12",74.24%
Tilton,"7,304.18","3,309.58",45.31%,94,149,816.33,24.67%,3.02,0,5.28,0,0,0,100,"3,309.58",514.85,15.56%,"2,496.89",75.44%,136.53,4.13%,"3,309.58",11.92,0.36%,149.39,4.51%,"7,304.18","3,309.58",9,0.12%,"3,318.58",45.43%
Troy,"11,172.52","7,306.66",65.40%,157,142,"3,969.29",54.32%,0,0,7.23,0,0,0,0,"7,306.66",243.23,3.33%,"5,365.75",73.44%,"1,344.83",18.41%,"7,306.66",0,0.00%,352.85,4.83%,"11,172.52","7,306.66","1,120.43",10.03%,"8,427.09",75.43%
Tuftonboro,"25,998.80","10,875.53",41.83%,164,336,"4,265.92",39.22%,0,"4,000",0.41,"20,600","10,300","10,300",50,"10,875.53",519.66,4.78%,"6,968.42",64.07%,"2,007.63",18.46%,"10,875.53",959.48,8.82%,420.34,3.87%,"25,998.80","10,875.53","1,914.97",7.37%,"12,790.50",49.20%
Unity,"23,657.12","17,505.32",74.00%,269,400,"11,340.79",64.78%,11.4,"5,000",0,"2,620",0,"2,620",0,"17,505.32",958.9,5.48%,"14,007.52",80.02%,"1,908.92",10.90%,"17,505.32",549.03,3.14%,80.95,0.46%,"23,657.12","17,505.32","2,266.52",9.58%,"19,771.84",83.58%
Wakefield,"25,297.07","11,572.15",45.75%,168,324,"5,241.57",45.29%,6.37,0,5.75,"12,500","12,500",0,100,"11,572.15",492.19,4.25%,"7,781.70",67.25%,"2,854.07",24.66%,"11,572.15",72.7,0.63%,371.49,3.21%,"25,297.07","11,572.15",299.07,1.18%,"11,871.22",46.93%
Walpole,"22,833.95","14,887.16",65.20%,262,445,"4,628.57",31.09%,6.25,"15,064",18.3,"46,000","25,000","21,000",0,"14,887.16","3,998.60",26.86%,"7,977.75",53.59%,"2,414.64",16.22%,"14,887.16",88.83,0.60%,407.34,2.74%,"22,833.95","14,887.16","1,010.48",4.43%,"15,897.64",69.62%
Warner,"35,352.29","23,477.36",66.41%,397,611,"11,716.20",49.90%,3.13,0,25.95,470,470,0,100,"23,477.36",827.93,3.53%,"21,061.73",89.71%,25.64,0.11%,"23,477.36","1,393.15",5.93%,168.91,0.72%,"35,352.29","23,477.36","7,029.77",19.88%,"30,507.13",86.29%
Warren,"31,109.86","10,701.55",34.40%,155,264,"4,571.09",42.71%,0,0,10.49,750,750,0,100,"10,701.55",318.04,2.97%,"7,148.09",66.79%,"2,896.85",27.07%,"10,701.55",110.61,1.03%,227.96,2.13%,"31,109.86","10,701.55","18,002.85",57.87%,"28,704.40",92.27%
Washington,"29,121.16","19,162.10",65.80%,249,456,"8,529.97",44.51%,11.62,0,7.07,"7,110","7,110",0,100,"19,162.10",460.1,2.40%,"10,582.87",55.23%,"7,178.84",37.46%,"19,162.10",334,1.74%,606.29,3.16%,"29,121.16","19,162.10","7,340.21",25.21%,"26,502.31",91.01%
Waterville Valley,"41,231.59",276.4,0.67%,2,2,108.4,39.22%,0,0,0,0,0,0,0,276.4,0,0.00%,276.4,100.00%,0,0.00%,276.4,0,0.00%,0,0.00%,"41,231.59",276.4,"40,417.35",98.03%,"40,693.75",98.70%
Weare,"37,795.49","17,128.97",45.32%,430,756,"6,926.82",40.44%,81.46,"25,000",55.08,"171,104","128,328","42,776",75,"17,128.97","1,286.10",7.51%,"12,251.37",71.52%,"2,134.43",12.46%,"17,128.97",261.29,1.53%,"1,195.78",6.98%,"37,795.49","17,128.97","5,682.16",15.03%,"22,811.13",60.35%
Webster,"18,089.48","11,995.78",66.31%,211,354,"6,079.46",50.68%,5.67,0,0,"4,950","4,950",0,100,"11,995.78",846.07,7.05%,"8,512.85",70.97%,"1,817.17",15.15%,"11,995.78",164.81,1.37%,654.88,5.46%,"18,089.48","11,995.78","2,872.71",15.88%,"14,868.49",82.19%
Wentworth,"26,777.80","19,082.58",71.26%,209,344,"6,808.36",35.68%,3.2,"6,600",3.2,"6,000",0,"6,000",0,"19,082.58",558.97,2.93%,"9,692.27",50.79%,"8,336.10",43.68%,"19,082.58",467.12,2.45%,28.12,0.15%,"26,777.80","19,082.58","4,239.81",15.83%,"23,322.39",87.10%
Wentworth's Location,"11,885.79","8,863.24",74.57%,8,8,"8,863.24",100.00%,0,0,0,0,0,0,0,"8,863.24",0,0.00%,212.57,2.40%,"8,258.67",93.18%,"8,863.24",10,0.11%,382,4.31%,"11,885.79","8,863.24","2,949.18",24.81%,"11,812.42",99.38%
Westmoreland,"22,986.90","17,807.36",77.47%,279,439,"2,586.74",14.53%,0,"10,000",21.51,0,0,0,50,"17,807.36","2,261.81",12.70%,"14,715.77",82.64%,731.15,4.11%,"17,807.36",30.8,0.17%,67.83,0.38%,"22,986.90","17,807.36",906.04,3.94%,"18,713.40",81.41%
Whitefield,"21,949.63","16,903.19",77.01%,253,416,"4,771.47",28.23%,36.99,"39,900",10.78,"39,900",0,"39,900",0,"16,903.19",937.93,5.55%,"10,294.96",60.91%,"4,840.55",28.64%,"16,903.19",556.55,3.29%,273.2,1.62%,"21,949.63","16,903.19","2,880.11",13.12%,"19,783.30",90.13%
Wilmot,"18,819.23","12,865.52",68.36%,230,364,"3,726.96",28.97%,51.19,"20,000",8.16,"51,700","15,000","36,700",100,"12,865.52",622.88,4.84%,"8,393.53",65.24%,"3,349.35",26.03%,"12,865.52",190,1.48%,309.76,2.41%,"18,819.23","12,865.52","2,126.27",11.30%,"14,991.79",79.66%
Wilton,"16,389.57","10,943.54",66.77%,216,429,"4,657.66",42.56%,25.24,"24,000",29.41,"86,095","43,048","43,047",50,"10,943.54","1,557.10",14.23%,"7,144.45",65.28%,"1,482.71",13.55%,"10,943.54",670,6.12%,89.28,0.82%,"16,389.57","10,943.54","2,800.42",17.09%,"13,743.96",83.86%
Winchester,"35,183.92","20,122.13",57.19%,338,575,"11,195.43",55.64%,6.07,"5,000",2.62,"6,290","4,906","1,384",78,"20,122.13","1,351.07",6.71%,"11,477.34",57.04%,"6,155.83",30.59%,"20,122.13",205.56,1.02%,932.33,4.63%,"35,183.92","20,122.13","9,029.73",25.66%,"29,151.86",82.86%
Windham,"17,102.00",862.45,5.04%,43,64,0,0.00%,2.88,0,36.44,"187,000","187,000",0,100,862.45,80.85,9.37%,557.88,64.69%,0,0.00%,862.45,47.71,5.53%,176.01,20.41%,"17,102.00",862.45,"1,202.28",7.03%,"2,064.73",12.07%
Windsor,"5,278.69","3,495.99",66.23%,34,84,"1,519.98",43.48%,0,0,0,0,0,0,0,"3,495.99",45.1,1.29%,"2,840.41",81.25%,236.42,6.76%,"3,495.99",115.54,3.30%,258.52,7.39%,"5,278.69","3,495.99",703.81,13.33%,"4,199.80",79.56%
Wolfeboro,"30,940.25","16,111.30",52.07%,277,518,"7,362.33",45.70%,45.72,0,42.5,"41,255","41,255",0,100,"16,111.30",855.04,5.31%,"10,336.14",64.15%,"3,700.89",22.97%,"16,111.30",216.83,1.35%,"1,002.40",6.22%,"30,940.25","16,111.30","2,150.21",6.95%,"18,261.51",59.02%
Woodstock,"37,434.51","4,213.61",11.26%,42,55,"2,773.99",65.83%,1.95,0,0,0,0,0,0,"4,213.61",54.18,1.29%,"1,973.31",46.83%,"1,969.23",46.73%,"4,213.61",200.59,4.76%,16.3,0.39%,"37,434.51","4,213.61","30,854.14",82.42%,"35,067.75",93.68%
State Totals,"5,742,659.26","3,002,326.72",52.28%,"42,795","66,644","1,497,940.64",49.89%,"4,368.20","$3,295,307 ","3,677.20","$12,145,924 ","$7,849,508 ","$4,296,416 ",,"3,002,326.72","201,791.14",6.72%,"1,668,000.33",55.56%,"949,618.83",31.63%,"79,317.81",0.03,2.64%,0.03,3.45%,"5,742,659.26","3,002,326.72","1,395,972.64",24.31%,"4,398,299.36",76.59%