Municipality,Year,"RSA 79-A Current
Use
Land","RSA 79-B Conservation Restriction 
Land
","RSA 79-C Discretionary Easement 
Land","RSA 79-D Discretionary Preservation Easement
Land","RSA 79-F
Land
Under
Farm Structures","Residential 
Land","Commercial / Industrial
Land","Residential
Buildings",Manufactured Housing,"Commercial / Industrial
Buildings","RSA 79-D
Discretionary
Preservation Easement 
Buildings ","RSA 79-F
Farm Structures
","Public
Water
Utilities","Gas / Oil
Utilities","Electric
Utilities",Other,"Mature
Wood
Timber","Gross
Valuation","Educational
& Special Exemptions","Modified
Assessed
Valuation
","Blind
Exemption","Elderly
Exemption","Local
Optional Exemptions
","Net
Valuation","Gross
Property
Taxes
","Less
Veterans'
Credits

","Net
Tax
Commitment","2022
Tax
Rate","2022
Residents
Tax",CollectedOn
Acworth,2022,1464740,0,0,0,0,36750900,757600,74853400,1420500,3141400,0,0,0,0,3793700,0,0,122182240,0,122182240,0,145000,0,122182240,3149388,12200,3137188,25.81,0,2024-03-19
Albany,2022,199542,0,0,0,0,38874600,5653700,69325922,2267800,14870100,0,0,263801,0,2892600,0,0,134348065,0,134348065,0,11200,0,134336865,1460485,15500,1444985,10.90,0,2024-03-19
Alexandria,2022,1396125,0,0,0,0,85245200,2294400,177847800,7925900,4779900,0,0,0,0,17872400,0,0,297361725,0,297361725,15000,1110000,120000,296116725,5420541,39160,5381381,18.37,0,2024-03-19
Allenstown,2022,269193,528,0,0,0,138443400,29035900,211438600,56021100,72763800,0,0,0,3346200,6658400,0,0,517977121,0,517977121,15000,1365000,114040,516483081,9981734,97000,9884734,19.50,0,2024-03-19
Alstead,2022,1380365,35647,0,0,0,66440300,1019600,114193682,2541200,3845800,17820,0,0,0,5028500,0,0,194502914,0,194502914,0,237500,175800,194089614,4776132,29600,4746532,24.64,0,2024-03-19
Alton,2022,1471408,69438,0,11300,0,1193004900,41085800,868090403,16065400,47408600,50100,0,0,0,12649900,0,0,2179907249,450000,2179457249,30000,2097800,566901,2176762548,24734105,322400,24411705,11.37,0,2024-03-19
Amherst,2022,768200,15800,0,0,0,606727651,69986125,1452414671,6120300,175187350,0,0,10160900,5742400,50086400,0,0,2377209797,664000,2376545797,202760,12626100,732700,2362984237,49852649,378500,49474149,21.13,0,2024-03-19
Andover,2022,902849,0,0,100,0,103011400,5553200,158948154,3648000,21115900,4946,0,0,0,30880100,0,0,324064649,150000,323914649,0,760000,928900,322225749,6787820,54500,6733320,21.19,0,2024-03-19
Antrim,2022,811447,0,0,51680,47800,80962654,4081917,146894540,1637370,11788960,25770,27630,0,0,22297700,0,0,268627468,75000,268552468,0,685200,208410,267658858,7424644,72000,7352644,27.86,0,2024-03-19
Ashland,2022,164292,0,0,0,0,76407600,12407000,130499180,3311420,26899910,0,0,0,0,9272600,0,0,258962002,726950,258235052,45000,200000,0,257990052,7176645,52500,7124145,27.87,0,2024-03-19
Atkinson,2022,122811,0,0,225,0,520249400,24882600,964930974,0,46168400,18626,0,7074800,2574800,9297000,0,0,1575319636,70000,1575249636,45000,6773500,187700,1568243436,19223211,286498,18936713,12.27,0,2024-03-19
Atkinson & Gilmanton ,2022,320956,0,0,0,0,246300,0,218120,0,0,0,0,0,0,0,0,0,785376,0,785376,0,0,0,785376,0,0,0,0.00,0,2024-03-19
Auburn,2022,255464,0,0,2700,0,339123800,22666300,475718948,1324300,48331800,35252,0,0,93400,9734800,0,0,897286764,698556,896588208,50000,2240500,150000,894147708,15947268,190000,15757268,17.85,0,2024-03-19
Barnstead,2022,1329219,33265,270,3300,0,212792750,5455500,373572583,10305700,9202400,13117,0,6136895,0,7190000,0,0,626034999,0,626034999,45000,1264500,0,624725499,13475680,172600,13303080,21.60,0,2024-03-19
Barrington,2022,1206793,0,78,0,0,368463100,33573000,852911700,35575500,102400500,0,0,0,0,33144568,0,0,1427275239,0,1427275239,15000,9081200,2436300,1415742739,28065040,482350,27582690,19.85,0,2024-03-19
Bartlett,2022,562040,300,0,0,0,415961600,49328900,1437057300,6922700,111455200,0,0,0,0,17211500,0,0,2038499540,0,2038499540,0,320000,0,2038179540,10114951,49740,10065211,4.97,0,2024-03-19
Bath,2022,2750225,0,0,0,0,44238800,1473100,74751400,2155800,2708700,0,0,0,0,23826800,0,0,151904825,0,151904825,0,10000,107500,151787325,3020665,12500,3008165,20.10,0,2024-03-19
Bean's Grant,2022,0,0,0,0,0,0,0,0,0,0,0,0,0,0,0,0,0,0,0,0,0,0,0,0,0,,0,0.00,0,2024-03-19
Bean's Purchase,2022,0,0,0,0,0,0,0,0,0,0,0,0,0,0,0,0,0,0,0,0,0,0,0,0,0,,0,0.00,0,2024-03-19
Bedford,2022,304067,343,0,0,0,1285387915,212094500,2636682900,143100,666149089,0,0,9345006,10187419,61033586,0,0,4881327925,0,4881327925,70000,8070400,2483370,4870704155,84609730,473000,84136730,17.60,0,2024-03-19
Belmont,2022,1026495,0,0,33163,0,267120002,64197310,616112927,81729700,84689750,52000,0,486400,2040000,19174789,0,0,1136662536,1022200,1135640336,60000,5737000,2833639,1127009697,21508076,240500,21267576,19.11,0,2024-03-19
Bennington,2022,309997,0,0,0,0,27748100,2896000,81830900,1761700,13582200,0,0,0,0,4245800,0,0,132374697,0,132374697,0,624900,89500,131660297,4160977,39330,4121647,31.65,0,2024-03-19
Benton,2022,355816,0,0,0,0,8257000,0,15441800,1186500,78300,0,0,0,0,1276900,0,0,26596316,0,26596316,0,40000,0,26556316,451088,1800,449288,17.05,0,2024-03-19
Berlin,2022,578807,0,0,0,0,78676820,9665680,401257860,3000400,45672157,0,0,0,27078700,149594100,0,0,715524524,690990,714833534,105000,1092000,0,713636534,19289426,58425,19231001,27.26,0,2024-03-19
Bethlehem,2022,944515,0,0,0,0,42399325,4948719,182932257,5099600,47487881,0,0,114800,0,8699900,335600,0,292962597,150000,292812597,0,1100000,28100,291684497,6955032,90000,6865032,23.89,0,2024-03-19
Boscawen,2022,833373,0,0,700,0,99625800,8248600,153223724,7175700,23067900,17776,0,0,968500,9308400,0,0,302470473,0,302470473,14400,252800,552600,301650673,9328351,88000,9240351,30.97,0,2024-03-19
Bow,2022,310382,0,0,2700,0,277177103,63389050,723065941,0,151960131,91600,0,1137100,5181048,97592925,79300,0,1319987280,84549,1319902731,0,5146000,1011800,1313744931,34339040,248000,34091040,26.52,0,2024-03-19
Bradford,2022,1129912,0,0,0,0,96548900,3571500,134642500,1197400,11381600,0,0,0,0,4364700,0,0,252836512,0,252836512,0,380000,140475,252316037,6224227,47400,6176827,24.69,0,2024-03-19
Brentwood,2022,684143,0,0,0,0,185214950,30341855,426837742,1368975,61199690,21150,0,0,898200,25210000,0,0,731776705,0,731776705,125000,840000,125000,730686705,16151554,106500,16045054,22.15,0,2024-03-19
Bridgewater,2022,551000,0,0,0,0,211608000,7476200,220608100,2669900,9542100,0,0,0,0,6843500,0,0,459298800,0,459298800,0,70000,0,459228800,3784608,5650,3778958,8.26,0,2024-03-19
Bristol,2022,327304,0,0,0,0,175150700,18291300,293866800,14108900,40434100,0,0,0,0,17814100,0,0,559993204,5500,559987704,120000,415000,200900,559251804,11715893,108000,11607893,20.99,0,2024-03-19
Brookfield,2022,743491,0,0,0,0,38036000,264700,89239684,273100,797000,0,0,0,0,1608100,0,0,130962075,0,130962075,0,120000,90000,130752075,2512336,17950,2494386,19.23,0,2024-03-19
Brookline,2022,393115,836,2546,0,0,232729300,12136200,427635569,884400,20404000,0,0,0,0,9817900,0,0,704003866,0,704003866,40000,7531300,1556300,694876266,20638567,211000,20427567,29.72,0,2024-03-19
Cambridge,2022,862995,0,0,0,0,5385800,50000,2721370,38180,75830,0,0,0,0,231900,0,0,9366075,0,9366075,0,0,0,9366075,29646,,29646,3.20,0,2024-03-19
Campton,2022,807282,0,0,0,0,130905300,9094500,268479200,8852800,21018900,0,0,7200,0,13483300,0,0,452648482,0,452648482,45000,1889800,702900,450010782,11354100,128500,11225600,25.27,0,2024-03-19
Canaan,2022,1730317,0,0,1250,0,182200300,11648200,175427203,24232100,51722800,8592,0,0,0,7248000,0,0,454218762,150000,454068762,0,2173000,1398950,450496812,12222218,43200,12179018,27.15,0,2024-03-19
Candia,2022,526375,0,0,8600,0,194976865,11198100,307363402,1399900,20722400,47015,0,0,0,10128052,0,0,546370709,0,546370709,0,4173900,2439980,539756829,10943592,126500,10817092,20.30,0,2024-03-19
Canterbury,2022,1786106,5952,0,4095,0,126362100,5347700,214058505,137800,12185700,40795,0,0,285400,7978100,0,0,368192253,78968,368113285,30000,1369100,450000,366264185,7609206,69900,7539306,20.80,0,2024-03-19
Carroll,2022,478095,0,0,0,0,112066403,12902286,373987030,2954595,88481350,0,0,631600,0,5042500,0,0,596543859,0,596543859,0,332500,175390,596035969,7218849,27000,7191849,12.12,0,2024-03-19
Center Harbor,2022,438890,5398,0,0,0,513575400,9660900,207815346,2031375,17144590,0,0,0,0,4672460,0,0,755344359,0,755344359,0,85000,267160,754992199,6782988,39767,6743221,8.99,0,2024-03-19
Chandler's Purchase,2022,0,0,0,0,0,0,31200,0,0,5850,0,0,0,0,6800,0,0,43850,0,43850,0,0,0,43850,0,,0,0.00,0,2024-03-19
Charlestown,2022,1404879,0,0,300,0,61262578,7062122,179597466,26827150,47056784,52600,0,0,0,21542154,0,0,344806033,0,344806033,0,1133166,548900,343123967,11046329,126150,10920179,32.27,0,2024-03-19
Chatham,2022,280038,0,0,0,0,20882800,37900,36908100,767700,432200,0,0,0,0,1644600,0,0,60953338,0,60953338,0,0,0,60953338,812841,15000,797841,13.37,0,2024-03-19
Chester,2022,793285,0,0,200,0,219273200,3681001,457471745,13398300,10555900,10455,0,59200,0,50022900,0,0,755266186,0,755266186,90000,10237700,2474712,742463774,15819611,238500,15581111,21.40,0,2024-03-19
Chesterfield,2022,1295310,5369,18900,0,0,237413300,13489600,313379930,1359700,37511300,0,0,0,0,8658129,0,0,613131538,0,613131538,0,1328500,379100,611423938,11862943,117500,11745443,19.42,0,2024-03-19
Chichester,2022,648358,0,0,600,2700,92411900,16598800,183099755,4265400,32687400,21451,53994,0,0,6566600,0,0,336356958,383500,335973458,50000,649400,844562,334429496,8144592,68000,8076592,24.38,0,2024-03-19
Claremont,2022,1130060,830,129600,200,0,78732900,40891200,387837478,16459700,199517162,45400,0,0,0,39188500,0,0,763933030,0,763933030,75000,2277300,146350,761434380,31080891,282370,30798521,41.68,0,2024-03-19
Clarksville,2022,1077941,0,0,0,0,14855200,307100,29435700,1126400,747700,0,0,0,0,1721400,0,0,49271441,0,49271441,0,0,0,49271441,1017812,8700,1009112,20.71,0,2024-03-19
Colebrook,2022,1614927,0,0,0,0,31847200,6320115,92932578,5063300,38867700,0,0,0,9643900,8515300,0,0,194805020,0,194805020,30000,156700,5000,194613320,5489476,19825,5469651,28.32,0,2024-03-19
Columbia,2022,1429961,0,0,1900,0,17221200,1011400,42336291,2207200,2542100,31209,0,0,23124200,2879100,0,0,92784561,0,92784561,0,43900,15000,92725661,1385938,6400,1379538,15.30,0,2024-03-19
Concord,2022,1775731,0,0,28731,0,1003466869,500621800,2167715200,68909200,1246288674,59200,0,0,84359100,191711900,0,0,5264936405,4022715,5260913690,3901520,24756432,723600,5231532138,134832478,273750,134558728,25.89,0,2024-03-19
Conway,2022,1871360,3350,0,0,0,357311300,195646700,904981800,19363100,282787595,0,0,1110100,0,61043700,0,0,1824119005,0,1824119005,75000,3956500,1176000,1818911505,30978129,316667,30661462,17.08,0,2024-03-19
Cornish,2022,2622963,0,0,1700,0,61641250,643800,123165201,2605500,2151200,46799,0,0,0,6012300,0,0,198890713,0,198890713,15000,375000,446420,198054293,4680249,39600,4640649,23.67,0,2024-03-19
Crawford's Purchase,2022,0,0,0,0,0,45800,178270,0,0,5660,0,0,0,0,400,0,0,230130,0,230130,0,0,0,230130,0,,0,0.00,0,2024-03-19
Croydon,2022,1517398,0,0,0,0,38883600,1992000,63970400,2818900,5419800,0,0,0,0,8387300,0,0,122989398,0,122989398,0,130000,0,122859398,1737415,9625,1727790,14.22,0,2024-03-19
Cutt's Grant,2022,0,0,0,0,0,0,0,0,0,0,0,0,0,0,0,0,0,0,0,0,0,0,0,0,0,,0,0.00,0,2024-03-19
Dalton,2022,627278,0,0,0,0,20547000,1416100,50244928,5026600,1824900,0,0,0,0,4679700,0,0,84366506,0,84366506,0,94400,0,84272106,2145945,40000,2105945,25.55,0,2024-03-19
Danbury,2022,1301606,7354,0,0,0,62687500,1687800,92535550,4836740,4683840,0,0,0,0,3703600,0,0,171443990,170690,171273300,15000,195000,90000,170973300,2988144,27200,2960944,17.50,0,2024-03-19
Danville,2022,190948,0,0,50,0,172607000,7112000,346911400,26495400,11379700,9000,0,208600,0,20456200,76400,0,585446698,0,585446698,25000,3244600,49250,582127848,11392796,173500,11219296,19.61,0,2024-03-19
Deerfield,2022,1569428,92,0,18550,0,265324300,7461500,405076011,6100200,17472600,113489,0,0,0,76392900,0,0,779529070,0,779529070,45000,1529100,1740420,776214550,14127815,247000,13880815,18.32,0,2024-03-19
Deering,2022,1104712,1576,0,0,0,93755225,2716300,118421538,6486200,11550200,0,0,0,0,12541600,0,0,246577351,0,246577351,0,2033400,354860,244189091,5539374,48400,5490974,22.75,0,2024-03-19
Derry,2022,762774,0,41240,0,0,1359737765,222822450,2638083080,44756400,564594065,0,0,4653332,5339571,54619524,69900,0,4895480101,1798047,4893682054,380000,26149500,0,4867152554,90661385,526667,90134718,19.04,0,2024-03-19
Dix's Grant,2022,304228,0,0,0,0,116000,0,588090,0,0,0,0,0,0,0,0,0,1008318,0,1008318,0,0,0,1008318,1,,1,0.00,0,2024-03-19
Dixville,2022,708480,0,0,0,0,574500,950700,2301690,28800,4040312,0,0,0,0,22716328,0,0,31320810,0,31320810,0,0,0,31320810,7761,,7761,0.25,0,2024-03-19
Dorchester,2022,1117138,1710,0,0,0,17361100,30900,24704600,1482500,93800,0,0,0,0,1241300,0,0,46033048,0,46033048,0,0,66420,45966628,1061545,9800,1051745,23.13,0,2024-03-19
Dover,2022,744332,0,0,0,0,1277204408,247288280,2560731400,43759700,991709300,0,0,0,47489000,53891200,0,0,5222817620,419900,5222397720,2158000,50406000,10108500,5159725220,100407156,1015875,99391281,19.84,0,2024-03-19
Dublin,2022,919371,0,0,4100,0,91123700,10209900,147191252,472600,28842400,13767,0,0,0,3474500,0,0,282251590,300000,281951590,15000,235000,1274280,280427310,6998100,78625,6919475,24.97,0,2024-03-19
Dummer,2022,1060198,0,0,0,0,11629500,78800,21119000,989400,452500,0,0,0,15272300,48825200,0,0,99426898,0,99426898,0,280000,210000,98936898,1581377,9250,1572127,16.80,0,2024-03-19
Dunbarton,2022,736887,0,0,0,0,110682036,1440014,263436244,610000,3856456,0,0,0,0,25630300,0,0,406391937,0,406391937,0,314000,635600,405442337,9282976,62965,9220011,22.98,0,2024-03-19
Durham,2022,673253,1132,0,0,0,280813400,119292900,524778319,171000,260173510,0,0,0,5928100,65161400,0,0,1256993014,8000,1256985014,120000,3675000,2946052,1250243962,36017672,129500,35888172,29.04,0,2024-03-19
East Kingston,2022,367602,0,0,0,0,135720200,2943700,230014200,1854000,5663800,0,0,153700,17398800,8038400,0,0,402154402,0,402154402,30000,587800,343800,401192802,9113672,73200,9040472,22.80,0,2024-03-19
Easton,2022,218899,0,0,0,0,27536600,286700,47594698,0,427400,2802,0,0,0,1153000,0,0,77220099,0,77220099,0,0,0,77220099,922042,3150,918892,11.96,0,2024-03-19
Eaton,2022,837738,478,0,0,0,52109600,1479000,84242100,63400,3941900,0,0,0,0,1556100,0,0,144230316,0,144230316,0,0,0,144230316,1550346,21000,1529346,10.76,0,2024-03-19
Effingham,2022,745398,0,0,200,0,76599500,5492900,100976332,7817800,19133100,11937,0,0,0,4216500,0,0,214993667,0,214993667,0,170000,168600,214655067,5054359,49750,5004609,23.57,0,2024-03-19
Ellsworth,2022,87399,0,0,0,0,7923900,190700,10324500,85100,627100,0,0,0,0,457400,0,0,19696099,196200,19499899,0,0,0,19499899,295469,1200,294269,15.18,0,2024-03-19
Enfield,2022,732335,7840,0,0,0,228437900,16294100,310101200,14539400,32926300,0,0,0,0,8877600,0,0,611916675,348995,611567680,15000,1039900,658925,609853855,15281703,68600,15213103,25.75,0,2024-03-19
Epping,2022,715186,0,0,0,0,247602600,60590500,508258700,24757200,121869300,0,0,85000,4339700,13562200,0,0,981780386,0,981780386,60000,6122000,0,975598386,21918005,316000,21602005,22.49,0,2024-03-19
Epsom,2022,1470931,0,0,2800,0,154311400,22346700,264265081,22219000,48453900,63179,0,0,0,7655700,0,0,520788691,0,520788691,0,944800,709463,519134428,12366518,162550,12203968,23.84,0,2024-03-19
Errol,2022,501352,0,0,0,0,34278100,1452500,41078870,1249590,4716310,0,0,0,0,8751900,0,0,92028622,0,92028622,0,0,0,92028622,1198711,3300,1195411,13.15,0,2024-03-19
Erving's Grant,2022,50409,0,0,0,0,0,0,0,0,0,0,0,0,0,0,0,0,50409,0,50409,0,0,0,50409,454,,454,9.01,0,2024-03-19
Exeter,2022,161204,0,2800,1800,0,558973005,139510595,1155073590,57402700,390495566,111800,0,282500,23271900,22485600,0,0,2347773060,988700,2346784360,90000,27547790,4958900,2314187670,55327772,301750,55026022,24.75,0,2024-03-19
Farmington,2022,844162,14274,282388,0,0,155712300,19325100,301323000,34007700,55936100,0,0,0,0,11335300,0,0,578780324,0,578780324,60000,9244800,1275900,568199624,13677074,291000,13386074,24.18,0,2024-03-19
Fitzwilliam,2022,988342,0,0,11050,10,137690700,10139600,238419537,24106400,22613900,34319,20544,0,0,65850108,0,0,499874510,40700,499833810,15000,1559000,397600,497862210,8113288,86575,8026713,16.41,0,2024-03-19
Francestown,2022,924092,1930,0,0,0,75056104,3504700,130201259,479600,9871000,0,0,0,0,3441500,0,0,223480185,0,223480185,0,80000,528840,222871345,5754660,33400,5721260,25.84,0,2024-03-19
Franconia,2022,568001,0,0,0,0,150610900,11460900,222320300,1462700,27698100,0,0,0,0,5987800,0,0,420108701,0,420108701,0,25000,421956,419661745,5113587,19500,5094087,12.20,0,2024-03-19
Franklin,2022,694582,39208,0,300,0,197550300,24523500,261407460,24706100,125496700,22440,0,0,4401800,62268630,0,0,701111020,379623,700731397,15000,6109572,467910,694138915,16752922,134625,16618297,24.39,0,2024-03-19
Freedom,2022,699551,0,0,450,0,283645400,6386400,325285401,29889700,11006800,71499,0,181900,0,4645000,0,0,661812101,0,661812101,0,175000,20000,661617101,6762696,30950,6731746,10.23,0,2024-03-19
Fremont,2022,548587,0,0,100,0,151626930,6720970,349361750,13591400,23357550,11100,0,110400,0,7369800,0,0,552698587,0,552698587,0,2080000,175000,550443587,12754987,221375,12533612,23.19,0,2024-03-19
Gilford,2022,750530,3070,0,0,0,869831240,71913900,1444522400,33448900,163502100,0,0,545640,515500,19146500,0,0,2604179780,403460,2603776320,30000,1964400,0,2601781920,31849802,236000,31613802,12.25,0,2024-03-19
Gilmanton,2022,1838082,1470,0,0,0,220350100,2290600,322716100,875200,5850500,0,0,0,0,7777300,0,0,561699352,325200,561374152,0,1766300,292100,559315752,13396533,120100,13276433,23.97,0,2024-03-19
Gilsum,2022,456849,0,0,0,0,18528000,1071000,43891551,988500,5434800,0,0,0,0,2532100,0,0,72902800,0,72902800,0,190000,1012200,71700600,1686666,4500,1682166,23.57,0,2024-03-19
Goffstown,2022,811100,0,100,85700,0,587081000,68876200,902225500,24416200,112453300,95700,0,0,3653200,74772000,0,0,1774470000,353100,1774116900,90000,13088600,1118800,1759819500,46187135,443000,45744135,26.31,0,2024-03-19
Gorham,2022,335265,0,0,0,0,35802500,28255440,165325400,11018200,71643140,0,0,0,20015700,53097900,0,0,385493545,0,385493545,15000,429500,97400,384951645,9264888,27200,9237688,24.25,0,2024-03-19
Goshen,2022,743197,0,0,1000,0,31060700,1058200,44590050,2488405,1543780,2450,0,0,0,1741360,0,0,83229142,0,83229142,15000,100000,8000,83106142,1828634,22500,1806134,22.03,0,2024-03-19
Grafton,2022,1331460,0,0,0,0,62115100,662800,67636500,4844000,2657700,0,0,0,0,3184900,0,0,142432460,0,142432460,0,250000,194050,141988410,3758808,45500,3713308,26.50,0,2024-03-19
Grantham,2022,414133,0,0,0,0,112002900,8756900,618974588,1953800,12948870,0,0,0,0,6627000,0,0,761678191,416200,761261991,0,544500,290788,760426703,12495319,67250,12428069,16.44,0,2024-03-19
Greenfield,2022,817776,8133,0,0,0,56289500,2680200,105361749,1624400,12449700,0,0,0,0,3817800,0,0,183049258,0,183049258,15000,300000,785580,181948678,5530069,18900,5511169,30.42,0,2024-03-19
Greenland,2022,444200,0,98800,0,0,353711100,46036800,370085100,0,90464500,0,0,0,8492100,18466365,0,0,887798965,491800,887307165,15000,2135000,622500,884534665,15962142,189500,15772642,18.09,0,2024-03-19
Green's Grant,2022,0,0,0,0,0,0,1846300,14200,0,6190110,0,0,0,0,138300,0,0,8188910,0,8188910,0,0,0,8188910,61960,,61960,7.59,0,2024-03-19
Greenville,2022,196944,0,0,0,0,26339200,5011600,53293700,12033000,19036800,0,0,0,0,4999900,0,0,120911144,0,120911144,15000,257200,0,120638944,3345256,68000,3277256,27.79,0,2024-03-19
Groton,2022,756066,62425,0,0,0,30527300,133200,58496000,4860700,725900,0,0,0,0,14630460,0,0,110192051,0,110192051,0,220000,30000,109942051,975380,21000,954380,9.09,0,2024-03-19
Hadley's Purchase,2022,0,0,0,0,0,0,0,0,0,0,0,0,0,0,0,0,0,0,0,0,0,0,0,0,0,,0,0.00,0,2024-03-19
Hale's Location,2022,0,0,0,0,0,30555600,1023400,44462100,0,5646500,0,0,0,0,364800,0,0,82052400,0,82052400,0,0,0,82052400,284262,10000,274262,3.47,0,2024-03-19
Hampstead,2022,72614,0,0,3400,0,468957900,53207200,687312533,46773200,99240300,15367,0,2215700,0,9384700,0,0,1367182914,870600,1366312314,150000,11415200,200000,1354547114,32059900,361500,31698400,23.68,0,2024-03-19
Hampton,2022,97000,0,0,2700,0,1221260983,179002317,2093113976,20055600,278615424,118900,0,37051900,28186100,94056900,0,0,3951561800,0,3951561800,150000,27089700,2250000,3922072100,61905795,834100,61071695,15.84,0,2024-03-19
Hampton Falls,2022,388516,0,0,4400,0,187508900,15030700,260494800,377800,36626300,41400,0,0,127600,6786400,0,0,507386816,0,507386816,0,3260000,504100,503622716,10561430,67500,10493930,20.99,0,2024-03-19
Hancock,2022,1201575,850,0,0,0,105150800,1293800,178427847,389200,4010700,0,0,0,0,7905600,0,0,298380372,0,298380372,0,315000,775691,297289681,6474164,45800,6428364,21.81,0,2024-03-19
Hanover,2022,1577382,0,0,26780,0,715771325,141714000,1276563760,0,557503935,53140,0,0,0,17229700,0,0,2710440022,160000,2710280022,105000,834000,0,2709341022,44364902,60750,44304152,16.41,0,2024-03-19
Harrisville,2022,459857,3911,0,0,0,93916800,1133200,105685966,770700,5225300,0,0,0,0,1918700,0,0,209114434,0,209114434,0,0,0,209114434,3886747,5600,3881147,18.60,0,2024-03-19
Hart's Location,2022,3807,0,0,0,0,6420600,245500,11620700,0,2170400,0,0,0,0,635400,0,0,21096407,0,21096407,0,0,0,21096407,87587,200,87387,4.19,0,2024-03-19
Haverhill,2022,3092880,0,0,3200,0,62729000,16566858,219281880,17072700,67553700,80416,0,0,0,31152300,0,0,417532934,0,417532934,30000,314900,5000,417183034,10472081,156500,10315581,25.19,"16,000",2024-03-19
Hebron,2022,162687,56734,0,0,0,217223500,1854600,173886540,533200,4899500,0,0,0,0,6531900,0,0,405148661,0,405148661,0,0,0,405148661,2761026,8150,2752876,6.83,0,2024-03-19
Henniker,2022,1545187,0,0,29475,0,190133900,40515700,361038198,7267800,118472000,64697,0,0,0,12938500,0,0,732005457,150000,731855457,150000,7355051,999082,723351324,15497267,39800,15457467,21.44,0,2024-03-19
Hill,2022,695434,0,0,0,0,24362000,260500,63853125,2168200,961000,0,0,0,0,3826000,0,0,96126259,0,96126259,0,70000,0,96056259,2494988,20500,2474488,26.03,0,2024-03-19
Hillsborough,2022,1365083,6356,0,47600,0,171408995,17718200,299849365,8488400,65795300,95335,0,0,0,37634915,0,0,602409549,0,602409549,15000,2409425,414327,599570797,15955002,200000,15755002,26.69,0,2024-03-19
Hinsdale,2022,805829,0,0,0,0,58630973,14569296,181235108,28820398,41419920,0,0,0,0,115335638,0,0,440817162,0,440817162,0,565300,120000,440131862,12167363,74300,12093063,27.98,0,2024-03-19
Holderness,2022,892992,44841,0,600,0,490262400,24318200,350033230,18129200,75401600,18872,0,0,0,20593700,0,0,979695635,150000,979545635,15000,75300,582951,978872384,10956384,47500,10908884,11.22,"5,000",2024-03-19
Hollis,2022,715668,0,0,0,0,509017064,16877605,865772374,4799100,46554950,0,0,487100,161400,14567800,0,0,1458953061,753200,1458199861,30000,7927600,181700,1450060561,32707172,264250,32442922,22.57,0,2024-03-19
Hooksett,2022,336262,0,0,0,0,393865305,185477545,1046624332,26887700,358297540,0,0,907700,25148500,67125600,0,0,2104670484,824900,2103845584,250000,17107231,600,2086487753,49907447,255800,49651647,24.05,0,2024-03-19
Hopkinton,2022,1725398,0,16482,21130,0,195836300,9490800,502529866,15450700,51487000,275534,0,0,0,29657800,0,0,806491010,727182,805763828,180000,9919700,831849,794832279,25464104,190200,25273904,32.25,0,2024-03-19
Hudson,2022,327126,0,359,0,0,1056143126,320412052,2704036502,18267000,514186136,0,0,0,26971800,159221900,0,0,4799566001,448500,4799117501,1694000,25853700,3554682,4768015119,69852224,790500,69061724,14.69,0,2024-03-19
Jackson,2022,357220,1385,0,0,0,145215200,8701100,287721300,84300,35085400,0,0,0,0,3428200,0,0,480594105,0,480594105,0,57750,263650,480272705,5230516,29250,5201266,10.90,0,2024-03-19
Jaffrey,2022,964307,0,0,600,0,117253682,11827694,351738384,4895800,59425205,52200,0,0,0,9590500,0,0,555748372,0,555748372,45000,1134300,124000,554445072,16435914,150450,16285464,30.98,0,2024-03-19
Jefferson,2022,1087059,0,0,0,0,45003000,2117500,91169300,4274800,11617100,0,0,0,2690400,6453600,0,0,164412759,0,164412759,0,375000,0,164037759,3033293,5700,3027593,18.56,0,2024-03-19
Keene,2022,874300,0,0,0,0,251504900,165432600,1108694500,15330600,608666200,0,0,0,9258400,109881200,0,0,2269642700,211200,2269431500,288000,4619800,4237700,2260286000,68689256,371400,68317856,31.03,0,2024-03-19
Kensington,2022,546424,14888,0,2100,0,170299500,3590700,201445999,946600,12469300,155680,0,0,1191700,17608869,0,0,408271760,0,408271760,0,3324300,1029000,403918460,7995876,38600,7957276,19.86,0,2024-03-19
Kilkenny,2022,0,0,0,0,0,0,0,0,0,0,0,0,0,0,25100,0,0,25100,0,25100,0,0,0,25100,0,,0,0.00,0,2024-03-19
Kingston,2022,291353,0,0,200,0,209310400,26628500,516716377,4530700,70680700,89423,0,208000,649200,43036500,0,0,872141353,0,872141353,30000,2460000,1565000,868086353,19651913,173700,19478213,22.71,0,2024-03-19
Laconia,2022,285327,5044,0,0,0,1093388348,88920848,1961073535,46061468,226501893,0,0,188281,19817144,43359225,0,0,3479601113,0,3479601113,480000,4120000,0,3475001113,51041487,429200,50612287,14.85,0,2024-03-19
Lancaster,2022,1696764,164,0,8700,0,45585900,16982800,151096048,4300400,50671000,26252,0,0,1782800,12822400,0,0,284973228,0,284973228,15000,168400,282700,284507128,6891982,37300,6854682,24.29,0,2024-03-19
Landaff,2022,880561,0,0,0,0,18475200,260000,37677117,808600,482500,0,0,0,0,1871800,0,0,60455778,0,60455778,0,15000,0,60440778,1371723,5800,1365923,22.73,0,2024-03-19
Langdon,2022,897328,0,0,0,0,22636100,1419500,43953930,1018640,3903080,0,0,0,0,2028520,0,0,75857098,0,75857098,0,205300,0,75651798,1693781,21500,1672281,22.42,0,2024-03-19
Lebanon,2022,1139876,0,0,200,0,325510636,444912856,1028290150,9259700,853602385,22700,0,0,0,124485768,0,0,2787224271,440267,2786784004,21000,15075544,2978400,2768709060,62920603,100000,62820603,23.04,0,2024-03-19
Lee,2022,919287,29193,0,1800,0,267609000,36248600,351465541,12296600,62621000,43759,0,176400,0,15285300,0,0,746696480,1500,746694980,30000,10445000,0,736219980,15973536,90900,15882636,21.72,0,2024-03-19
Lempster,2022,904486,0,0,0,0,35511600,1207000,76263624,5341600,4143700,0,0,0,0,6993700,0,0,130365710,0,130365710,0,143100,61440,130161170,3067961,23600,3044361,23.65,0,2024-03-19
Lincoln,2022,69150,0,0,0,0,239116600,37915100,859655400,3118600,101892574,0,0,0,0,17030600,0,0,1258798024,0,1258798024,0,1227800,75100,1257495124,13247671,52500,13195171,10.55,0,2024-03-19
Lisbon,2022,1165073,849,0,0,0,23688000,5894900,60484722,3735900,20869500,17578,0,0,0,4476900,0,0,120333422,0,120333422,0,710600,0,119622822,4094447,15100,4079347,34.28,0,2024-03-19
Litchfield,2022,313995,0,0,0,0,403823600,17879500,686346100,7689900,46642900,0,0,16963000,1722700,36898700,0,0,1218280395,482600,1217797795,30000,6602600,0,1211165195,22980104,325093,22655011,19.03,0,2024-03-19
Littleton,2022,1087530,0,0,0,0,80014670,73869970,331514063,12739400,156424400,0,0,0,0,68928200,0,0,724578233,0,724578233,105000,3657500,0,720815733,16500697,137300,16363397,23.06,0,2024-03-19
Livermore,2022,0,0,0,0,0,103900,0,32700,0,0,0,0,0,0,0,0,0,136600,0,136600,0,0,0,136600,0,,0,0.00,0,2024-03-19
Londonderry,2022,528385,0,1104600,0,0,1011766700,319070200,2398886400,30408000,785881200,165500,0,14351800,53410000,558329200,0,0,5173901985,1250500,5172651485,400000,30132500,8061200,5134057785,94138601,886500,93252101,18.48,0,2024-03-19
Loudon,2022,1826001,34029,10770,700,0,177372200,28288800,414268407,20026900,59036300,71243,0,0,11897300,9562800,0,0,722395450,441500,721953950,0,1019700,93500,720840750,13304023,188400,13115623,18.55,0,2024-03-19
Low & Burbank's Grant,2022,0,0,0,0,0,0,0,0,0,0,0,0,0,0,0,0,0,0,0,0,0,0,0,0,0,,0,0.00,0,2024-03-19
Lyman,2022,1033454,0,0,0,0,21425150,270500,48392600,1746700,1364900,0,0,0,0,2591100,0,0,76824404,0,76824404,0,180000,43600,76600804,1486673,15800,1470873,19.45,0,2024-03-19
Lyme,2022,2664700,19900,0,22700,0,144790600,6865900,242355300,1339100,13691700,305300,0,0,0,5679900,0,0,417735100,0,417735100,67500,5040000,1732500,410895100,9846449,37500,9808949,23.98,0,2024-03-19
Lyndeborough,2022,952897,0,0,8000,700,60824700,2552600,146634604,2098700,2483700,255291,182505,0,0,2703700,0,0,218697397,0,218697397,0,760000,493000,217444397,4802089,39200,4762889,22.10,0,2024-03-19
Madbury,2022,498186,0,0,100,0,89349600,7131000,172315416,4285800,8896100,17784,0,0,289300,26024000,0,0,308807286,0,308807286,0,1902353,1370000,305534933,7687449,28250,7659199,25.27,0,2024-03-19
Madison,2022,1117044,0,0,0,0,232167500,7461300,326682837,2197400,18473800,0,0,0,0,12452200,0,0,600552081,0,600552081,0,587000,620688,599344393,9268030,91000,9177030,15.49,0,2024-03-19
Manchester,2022,95578,0,204900,0,0,2250849784,858617455,6268006138,3268900,3624648366,0,0,397300,162289965,226699800,0,0,13395078186,300000,13394778186,3787100,116339932,10002100,13264649054,241479934,1321580,240158354,18.24,0,2024-03-19
Marlborough,2022,881794,2273,0,0,0,57303500,8554900,127178880,1914610,17134080,56730,0,0,0,6894200,0,0,219920967,548600,219372367,15000,176400,147630,219033337,5711652,42900,5668752,26.11,0,2024-03-19
Marlow,2022,1035262,0,0,0,0,28151000,682000,40007850,1335920,2167800,0,0,0,0,1864500,0,0,75244332,0,75244332,0,142640,13500,75088192,1937179,13700,1923479,25.83,0,2024-03-19
Martin's Location,2022,0,0,0,0,0,0,0,0,0,0,0,0,0,0,433500,0,0,433500,0,433500,0,0,0,433500,6785,,6785,15.65,0,2024-03-19
Mason,2022,613180,0,0,0,15400,67274200,1510300,134167500,553800,2637300,0,5900,0,0,7004300,0,0,213781880,0,213781880,0,430000,22000,213329880,4328592,37200,4291392,20.33,0,2024-03-19
Meredith,2022,826708,0,0,0,0,1111914827,62518573,1056646618,8208500,107031082,17500,0,0,0,13054700,0,0,2360218508,0,2360218508,203100,1662900,2533774,2355818734,32894078,314625,32579453,13.97,0,2024-03-19
Merrimack,2022,342219,0,0,300,0,1466546500,293745000,2099389568,15938800,1017237181,5300,0,18911700,20683400,138732700,0,0,5071532668,1960600,5069572068,45000,28075000,2546900,5038905168,87378229,837080,86541149,17.38,0,2024-03-19
Middleton,2022,300600,0,0,200,0,72917000,1236700,98718478,5593500,7044800,31222,0,356000,0,3144700,0,0,189343200,0,189343200,30000,225000,2256000,186832200,4869167,39200,4829967,26.09,0,2024-03-19
Milan,2022,1187000,30156,0,0,0,44086800,1339800,72060000,6164900,8003900,0,0,0,17578100,4031800,0,0,154482456,0,154482456,15000,222100,425500,153819856,3108027,10900,3097127,20.37,0,2024-03-19
Milford,2022,775200,0,0,0,9300,363485223,80103625,1297579858,22973000,276131506,0,218500,2462200,6613800,33804900,0,0,2084157112,762942,2083394170,180000,10829200,730000,2071654970,43001076,218800,42782276,20.79,0,2024-03-19
Millsfield,2022,769895,0,0,0,0,3661300,357587,4109890,85130,229448,0,0,0,0,70508172,0,0,79721422,0,79721422,0,0,0,79721422,0,,0,0.00,0,2024-03-19
Milton,2022,812756,2851,0,200,0,159152600,7137200,260600185,21604300,39232600,6515,0,0,0,15992315,0,0,504541522,0,504541522,15000,3526664,261780,500738078,12237277,187250,12050027,24.48,0,2024-03-19
Monroe,2022,706934,0,0,0,0,23420900,801400,52496200,1679000,6380900,0,0,0,0,337045700,0,0,422531034,0,422531034,0,30000,0,422501034,4691905,8900,4683005,12.19,0,2024-03-19
Mont Vernon,2022,387174,0,203,0,0,97434600,1053100,220125730,1699620,1372240,0,0,0,0,3822600,0,0,325895267,0,325895267,15000,502390,229490,325148387,9108787,51500,9057287,28.03,0,2024-03-19
Moultonborough,2022,918682,323781,0,24800,0,2727287000,66612300,1977201647,4854500,86279600,141619,0,1910089,0,27739500,0,0,4893293518,0,4893293518,50000,925000,295400,4892023118,23355110,165200,23189910,4.78,0,2024-03-19
Nashua,2022,87092,0,0,1250,0,2311499900,1291668236,7344258441,106680100,2599800675,21575,0,128882400,164402600,151493300,0,0,14098795569,1800960,14096994609,3326200,145540800,15607866,13932519743,249860452,1438460,248421992,18.07,0,2024-03-19
Nelson,2022,743326,7901,0,0,0,89199000,1624100,66716290,838000,1849800,0,0,0,0,4813700,0,0,165792117,0,165792117,0,110000,166200,165515917,2332030,12000,2320030,14.12,0,2024-03-19
New Boston,2022,1618734,0,0,8439,0,351423906,11271200,535467488,2815900,26310500,30612,0,0,0,13985000,0,0,942931779,0,942931779,99000,3742650,849800,938240329,17980485,172500,17807985,19.18,0,2024-03-19
New Castle,2022,10908,0,387,0,0,659141900,32465800,307687101,0,74262100,0,0,0,0,1808700,0,0,1075376896,0,1075376896,0,450000,0,1074926896,4835253,23000,4812253,4.50,0,2024-03-19
New Durham,2022,995598,15512,0,1200,0,329391290,5057610,254493420,5237600,10583580,22700,0,0,0,5562400,0,0,611360910,0,611360910,15000,920000,584700,609841210,10921512,174750,10746762,17.92,0,2024-03-19
New Hampton,2022,1043780,0,0,0,0,103273068,11144478,151714730,10801620,29675157,61580,0,0,0,32599700,0,0,340314113,150000,340164113,0,571700,0,339592413,6537753,68600,6469153,19.39,0,2024-03-19
New Ipswich,2022,1054572,0,2436,0,0,114374300,6108200,340823300,4737100,20551100,0,0,0,0,12436700,0,0,500087708,0,500087708,30000,1325300,861200,497871208,11688785,241250,11447535,23.51,0,2024-03-19
New London,2022,546448,1757,0,0,0,488212800,26904800,710619100,72900,57113600,0,0,0,0,13456500,0,0,1296927905,763600,1296164305,30000,610000,1727300,1293797005,20501051,145750,20355301,15.86,0,2024-03-19
Newbury,2022,801613,0,0,0,12400,547609600,15364300,510204504,856300,26513200,0,100696,0,0,7160800,0,0,1108623413,0,1108623413,0,60000,160000,1108403413,12605897,129250,12476647,11.38,0,2024-03-19
Newfields,2022,132558,45350,7483,0,0,113193900,8372300,168612800,251200,16610600,0,0,0,0,1830717,0,0,309056908,0,309056908,0,2570550,148500,306337858,6418480,34200,6384280,20.96,0,2024-03-19
Newington,2022,87226,0,0,0,0,113772636,96871400,101549630,18900,316938079,0,0,0,26122200,323023400,0,0,978383471,16026800,962356671,0,2900000,0,959456671,9052226,42500,9009726,9.88,0,2024-03-19
Newmarket,2022,278974,0,0,100,0,283548387,54044970,534070050,8895300,116205850,4800,0,172017,0,5948500,0,0,1003168948,0,1003168948,60000,6684200,1147700,995277048,26853836,138500,26715336,26.99,0,2024-03-19
Newport,2022,1754602,0,8595,0,0,172035100,50125300,342808200,22442600,137751900,0,0,0,0,22850200,0,0,749776497,2600,749773897,60000,1500600,260140,747953157,15549688,106200,15443488,20.90,0,2024-03-19
Newton,2022,180161,1784,0,400,0,207528900,12641700,384143395,3231600,33857000,34905,0,97700,7298800,7344800,0,0,656361145,446200,655914945,30000,2777300,378500,652729145,14661452,143100,14518352,22.49,0,2024-03-19
North Hampton,2022,187543,600,25400,1950,0,404158750,59167750,598945540,39296200,91169860,125500,0,8256300,1555100,7714600,0,0,1210605093,0,1210605093,50000,9215300,262400,1201077393,20597787,168500,20429287,17.17,0,2024-03-19
Northfield,2022,1296110,2125,0,0,0,186114300,17652400,328589500,14495500,48101000,0,0,0,2751500,12261300,0,0,611263735,10000,611253735,45000,4659900,1436200,605112635,8573194,139750,8433444,14.55,0,2024-03-19
Northumberland,2022,806205,5499,0,0,0,16651350,1850700,48183750,2882820,14773690,0,0,0,15292300,35069000,0,0,135515314,0,135515314,45000,141140,168500,135160674,4394381,13500,4380881,33.06,0,2024-03-19
Northwood,2022,847612,0,0,175,0,423894957,36030700,377195386,23465100,72322000,36498,0,0,0,11851800,0,0,945644228,9405,945634823,75000,8077590,666012,936816221,11763413,76000,11687413,12.58,0,2024-03-19
Nottingham,2022,1269757,0,0,700,0,368049600,5091000,419157434,6042300,10177200,11066,0,107900,0,26260800,0,0,836167757,395600,835772157,0,6595000,1671580,827505577,15781462,285750,15495712,19.11,0,2024-03-19
Odell,2022,235578,0,0,0,0,47500,0,1983240,0,0,0,0,0,0,0,0,0,2266318,0,2266318,0,0,0,2266318,13666,,13666,6.03,0,2024-03-19
Orange,2022,612312,0,0,0,0,12720500,206100,21260200,1063400,455900,0,0,0,0,991500,0,0,37309912,0,37309912,0,115000,0,37194912,825712,2900,822812,22.23,0,2024-03-19
Orford,2022,1537110,954,0,0,0,37971900,3314000,103755088,2209700,7817300,44512,0,0,0,3440600,0,0,160091164,0,160091164,0,75000,5000,160011164,4515843,43200,4472643,28.25,0,2024-03-19
Ossipee,2022,1337609,0,0,0,0,297216700,51074300,344673700,19650800,72363400,0,0,242500,0,13100400,0,0,799659409,0,799659409,30000,3790000,2000,795837409,14601549,173000,14428549,18.38,0,2024-03-19
Pelham,2022,400003,0,0,0,0,803577742,42309980,1689294528,303800,95810150,0,0,5561623,32184897,36891616,0,0,2706334339,24100,2706310239,120000,8037333,126000,2698026906,46922751,283333,46639418,17.42,0,2024-03-19
Pembroke,2022,1039622,0,64800,0,0,184829200,38039400,430363800,2152200,113099200,0,0,0,9124200,16128300,100000,0,794940722,0,794940722,150000,410000,0,794380722,19747757,148000,19599757,24.90,0,2024-03-19
Peterborough,2022,1184725,0,9400,375,0,159265290,31244810,552069092,534100,169607200,29608,0,0,0,16009900,0,0,929954500,43000,929911500,60000,4840000,0,925011500,22822009,233750,22588259,25.86,0,2024-03-19
Piermont,2022,1755481,16056,0,0,0,46639600,747400,77027800,1321200,2133400,0,0,0,0,2668900,0,0,132309837,0,132309837,0,265000,103840,131940997,2634912,19400,2615512,19.99,0,2024-03-19
Pinkham's Grant,2022,0,0,0,0,0,0,174000,0,0,2646530,0,0,0,0,200600,0,0,3021130,0,3021130,0,0,0,3021130,45915,,45915,15.33,0,2024-03-19
Pittsburg,2022,3255740,0,0,0,0,97565400,5859300,165971200,4878900,14588300,0,0,0,2170600,9198000,0,0,303487440,0,303487440,0,30000,0,303457440,4809170,11500,4797670,15.90,0,2024-03-19
Pittsfield,2022,895917,0,35374,600,0,100646600,11451900,179516500,7681600,45260400,6000,0,3856200,0,7640100,0,0,356991191,0,356991191,30000,1443700,372600,355144891,8431665,61200,8370465,23.78,0,2024-03-19
Plainfield,2022,2187851,0,0,0,0,74071800,3219200,212012138,5574800,12112700,15062,0,0,0,7167100,0,0,316360651,150000,316210651,47000,1660300,2918575,311584776,7748428,59065,7689363,24.90,0,2024-03-19
Plaistow,2022,64704,0,0,0,0,304611900,112845800,692176642,381200,228874456,0,0,1471300,21392944,17197100,7000,0,1379023046,0,1379023046,75000,9345000,2029900,1367573146,25949091,163250,25785841,19.01,0,2024-03-19
Plymouth,2022,704889,32456,0,17500,0,67350383,45400335,232487245,3326900,124178650,36185,0,0,0,22524600,0,0,496059143,0,496059143,70000,464100,2700,495522343,15548589,68584,15480005,31.44,0,2024-03-19
Portsmouth,2022,52266,0,0,0,0,1245025400,634686923,2497022300,30572700,1927346505,0,0,0,55971000,133917485,0,0,6524594579,0,6524594579,300000,30015500,1082300,6493196779,98438343,537499,97900844,15.20,0,2024-03-19
Randolph,2022,144078,0,0,300,2600,23432500,569000,38510344,554100,2632500,4328,7928,0,2185900,10058300,0,0,78101878,0,78101878,0,0,277500,77824378,1300748,5000,1295748,16.92,0,2024-03-19
Raymond,2022,357713,0,1410,200,0,357605375,52283191,767350485,56080800,99700915,64900,0,1970000,0,27468900,0,0,1362883889,610100,1362273789,210960,13680480,3298750,1345083599,24567135,440500,24126635,18.29,0,2024-03-19
Richmond,2022,1404314,0,0,0,0,44759400,2393100,101913000,2924700,5274200,0,0,0,0,12825030,0,0,171493744,0,171493744,0,75000,73600,171345144,2514341,16200,2498141,14.74,0,2024-03-19
Rindge,2022,1370588,0,0,0,0,180659800,18529800,435429600,5222000,79635500,0,0,0,0,16879299,0,0,737726587,670747,737055840,30000,11233256,1986734,723805850,16647138,234000,16413138,23.03,0,2024-03-19
Rochester,2022,1145516,0,0,21500,0,441218266,193983000,1429158295,178693725,545797800,86500,0,0,34316300,92623500,0,0,2917044402,508400,2916536002,1166800,25983142,5312800,2884073260,71460117,686675,70773442,25.28,0,2024-03-19
Rollinsford,2022,469212,0,0,0,0,178071300,19326100,220343300,817600,50652800,0,0,0,321100,4531700,0,0,474533112,519900,474013212,0,1000000,0,473013212,7029339,51400,6977939,14.87,0,2024-03-19
Roxbury,2022,339942,0,0,0,0,4994500,185900,17034000,319500,895900,0,0,0,0,1069100,0,0,24838842,0,24838842,0,30000,37200,24771642,596275,1300,594975,24.13,0,2024-03-19
Rumney,2022,765475,30630,0,525,0,63418400,5754000,100988435,3181900,12749200,24465,0,0,0,14468400,0,0,201381430,0,201381430,30000,145000,16000,201190430,4606980,41300,4565680,23.00,0,2024-03-19
Rye,2022,125550,10800,0,0,0,1819920675,52514175,1304860965,4534100,49044935,0,0,2807700,0,14840400,0,0,3248659300,0,3248659300,0,3950000,456400,3244252900,22626531,146500,22480031,6.98,0,2024-03-19
Salem,2022,139672,0,0,500,0,1694713464,605202106,3141096386,66347200,894910290,8600,0,462400,16439200,124075900,0,0,6543395718,0,6543395718,1300000,27727400,1720600,6512647718,104367281,592000,103775281,16.05,0,2024-03-19
Salisbury,2022,1563643,0,0,0,0,72337000,615000,148702100,1991000,2937000,0,0,0,0,16890800,0,0,245036543,0,245036543,0,850000,240000,243946543,3878523,38100,3840423,15.96,0,2024-03-19
Sanbornton,2022,1749831,0,37927,0,293,247556800,4553400,254574316,2512800,19208500,43560,73771,0,225200,5618400,0,0,536154798,0,536154798,0,640000,740000,534774798,10618086,108700,10509386,19.87,0,2024-03-19
Sandown,2022,209160,0,180,100,0,235107129,4695170,433559120,14155200,6090380,10800,0,376500,0,7718900,0,0,701922639,0,701922639,30000,7881300,0,694011339,19676796,233500,19443296,28.37,0,2024-03-19
Sandwich,2022,1574960,107780,0,6328,0,219074191,5296500,214278335,800001,4647000,153429,0,0,0,9735600,0,0,455674124,0,455674124,15000,150000,565000,454944124,6542504,99503,6443001,14.41,0,2024-03-19
Sargent's Purchase,2022,0,0,0,0,0,0,1507100,0,0,381430,0,0,0,0,0,0,0,1888530,0,1888530,0,0,0,1888530,0,,0,0.00,0,2024-03-19
Seabrook,2022,15450,100,0,0,0,926379500,252276600,661345970,109518400,242027530,0,0,0,12089500,1561629750,0,0,3765282800,137317300,3627965500,45000,37573400,4063500,3586283600,45895124,418188,45476936,13.25,0,2024-03-19
Second College Grant,2022,710444,0,0,0,0,351000,0,346410,0,0,0,0,0,0,0,0,0,1407854,0,1407854,0,0,0,1407854,0,,0,0.00,0,2024-03-19
Sharon,2022,821817,0,0,0,0,14575300,108200,41297300,9100,909400,0,0,0,0,838400,0,0,58559517,0,58559517,0,40000,0,58519517,1357215,5100,1352115,23.21,0,2024-03-19
Shelburne,2022,581532,0,0,75,0,15914800,1724700,30710096,668400,9405600,13104,0,0,28114100,4944500,0,0,92076907,0,92076907,0,60000,153600,91863307,1368629,3700,1364929,15.28,0,2024-03-19
Somersworth,2022,136258,0,0,0,0,151991845,62079855,670404093,22595700,211799397,0,0,0,8613900,12487500,0,0,1140108548,0,1140108548,50000,3860300,1426100,1134772148,31847263,236000,31611263,28.09,0,2024-03-19
South Hampton,2022,371817,0,0,0,0,63959100,4293400,90795754,2765300,7827300,0,0,0,0,5583600,0,0,175596271,135000,175461271,0,1300000,504650,173656621,3441730,14840,3426890,19.86,0,2024-03-19
Springfield,2022,868047,11291,0,0,0,71079300,4629500,139351250,2945000,16627800,0,0,0,0,6558300,0,0,242070488,0,242070488,0,150000,338300,241582188,4954097,42700,4911397,20.54,0,2024-03-19
Stark,2022,596752,2186,0,0,0,24624700,931000,32954700,1915600,1428200,0,0,0,15847139,1845300,0,0,80145577,0,80145577,15000,45000,49200,80036377,1286748,8400,1278348,16.36,0,2024-03-19
Stewartstown,2022,1035456,0,0,0,0,26334355,833300,53858800,4817800,3991000,0,0,0,13072900,8064300,7300,0,112015211,0,112015211,0,67500,0,111947711,2699145,16300,2682845,24.36,0,2024-03-19
Stoddard,2022,878850,0,0,0,0,124505360,640000,161333280,1215050,2598330,0,0,0,0,12430200,0,0,303601070,0,303601070,0,260000,60200,303280870,4936293,16550,4919743,16.33,0,2024-03-19
Strafford,2022,1761500,0,0,4500,0,246580870,2377630,440213180,5937800,8367120,105400,0,181300,0,19486100,9000,0,725024400,0,725024400,0,740000,0,724284400,12384571,45700,12338871,17.13,0,2024-03-19
Stratford,2022,1668722,0,0,5800,0,10786100,722500,44215200,3057700,4485000,53100,0,0,35541100,5063300,0,0,105598522,0,105598522,45000,277600,0,105275922,1978918,7300,1971618,19.16,0,2024-03-19
Stratham,2022,343309,1286,0,3400,0,420552700,84322000,940725673,3940500,149120100,155827,0,778100,9338900,17752800,0,0,1627034595,0,1627034595,45000,6264000,0,1620725595,30288382,280300,30008082,18.71,0,2024-03-19
Success,2022,665586,0,0,0,0,7674800,0,3756710,0,0,0,0,0,0,61300,0,0,12158396,0,12158396,0,0,0,12158396,54379,,54379,4.48,0,2024-03-19
Sugar Hill,2022,394030,1119,4069,0,0,54950500,1093700,103909290,94000,3759800,21310,0,0,0,3512000,0,0,167739818,0,167739818,0,25000,0,167714818,3436943,15400,3421543,20.52,0,2024-03-19
Sullivan,2022,499224,5834,0,0,0,14757200,688900,40905700,2784100,1497600,0,0,0,0,4953400,0,0,66091958,0,66091958,0,292100,81600,65718258,1730234,6250,1723984,26.42,0,2024-03-19
Sunapee,2022,463012,0,0,0,0,715414700,14870300,693535800,1637700,31910300,0,0,0,0,25323000,0,0,1483154812,1696400,1481458412,0,110000,0,1481348412,20692664,73500,20619164,13.99,0,2024-03-19
Surry,2022,459345,0,0,0,0,36752200,1295000,88953600,992800,2540400,0,0,0,0,5167200,0,0,136160545,0,136160545,0,5000,21674,136133871,2181711,20400,2161311,16.06,0,2024-03-19
Sutton,2022,1115365,0,0,0,0,144008200,3258500,163890940,106620,7881270,0,0,0,0,4477219,0,0,324738114,0,324738114,0,470000,408000,323860114,7818729,73000,7745729,24.16,0,2024-03-19
Swanzey,2022,1586119,0,0,0,0,163855434,23265701,342274299,14875900,74659344,5580,0,235900,0,17737614,0,0,638495891,362930,638132961,60000,1143300,749482,636180179,15726025,248250,15477775,25.00,0,2024-03-19
Tamworth,2022,1578259,1142,0,0,0,111482000,16840300,209964841,9916300,43304000,58062,0,313000,0,9871300,0,0,403329204,3600,403325604,0,812500,1226230,401286874,9525247,79100,9446147,23.77,0,2024-03-19
Temple,2022,636402,2443,0,100,8300,45472500,1757000,107485809,874600,6108500,22004,127114,0,0,2908000,0,0,165402772,0,165402772,0,50000,291600,165061172,4116235,31600,4084635,24.96,0,2024-03-19
Thomson & Meserve's Purchase,2022,0,0,0,0,0,300,4518250,0,0,1729270,0,0,0,0,27600,0,0,6275420,0,6275420,0,0,0,6275420,13707,,13707,2.19,0,2024-03-19
Thornton,2022,569203,0,0,0,0,130027600,3529000,295395500,5600900,10686800,0,0,280700,0,8628000,0,0,454717703,25000,454692703,30000,480000,278060,453904643,9071318,98000,8973318,20.01,0,2024-03-19
Tilton,2022,305575,0,412890,0,0,88198900,102108300,205404902,18358500,205763800,0,0,427700,16219400,22090300,0,0,659290267,150000,659140267,69200,1819200,213900,657037967,10509017,116000,10393017,16.07,0,2024-03-19
Troy,2022,276911,0,0,0,0,24485751,2142500,82131174,3000000,6947000,0,0,0,0,21079300,0,0,140062636,0,140062636,15000,198000,5400,139844236,4280756,51300,4229456,30.84,0,2024-03-19
Tuftonboro,2022,1038728,0,0,100,0,977556700,16959100,795420927,25491800,16200200,11873,0,396200,0,16421100,0,0,1849496728,0,1849496728,0,260000,0,1849236728,11894117,103150,11790967,6.44,0,2024-03-19
Unity,2022,1316706,0,0,0,0,55178800,1132700,56933087,5972000,12406900,0,0,0,0,3137000,0,0,136077193,0,136077193,0,232000,16800,135828393,3933587,55700,3877887,28.99,0,2024-03-19
Wakefield,2022,794512,6659,0,0,0,499686800,8405200,588192500,16320700,26175800,0,0,0,0,13684300,0,0,1153266471,0,1153266471,60000,1088200,138200,1151980071,14092187,289500,13802687,12.25,0,2024-03-19
Walpole,2022,2136486,22344,22545,600,0,197366000,30949000,375994642,2648500,92711600,108318,0,0,0,15839200,0,0,717799235,0,717799235,30000,492500,683300,716593435,11688033,81100,11606933,16.33,0,2024-03-19
Warner,2022,1886880,0,0,5084,0,83159430,6078650,190672330,2850910,36157511,53856,0,0,0,8746400,0,0,329611051,0,329611051,30000,1975000,1257437,326348614,9263457,87600,9175857,28.42,0,2024-03-19
Warren,2022,569153,0,0,0,0,23498600,472300,62932600,3739900,2686400,0,0,0,0,17793500,0,0,111692453,368700,111323753,0,165000,0,111158753,2112561,24400,2088161,19.19,0,2024-03-19
Washington,2022,985407,0,0,0,0,116242100,1125700,121111083,1455500,2898000,0,0,0,0,3275800,0,0,247093590,0,247093590,0,160000,93490,246840100,5386337,27450,5358887,21.84,0,2024-03-19
Waterville Valley,2022,13552,0,0,0,0,85105800,5732900,385572000,0,15309800,0,0,0,0,3440500,0,0,495174552,150000,495024552,0,0,0,495024552,5244267,7400,5236867,10.60,0,2024-03-19
Weare,2022,1680088,0,0,7500,0,407014500,18956400,729653678,27776400,61200400,66422,0,450700,0,41619400,0,0,1288425488,421865,1288003623,15000,4903877,799920,1282284826,22265900,203600,22062300,17.40,0,2024-03-19
Webster,2022,853741,0,0,200,0,81747600,1615400,129345978,3272200,3061100,18522,0,0,0,19760400,0,0,239675141,0,239675141,15000,204000,173800,239282341,5437960,68500,5369460,22.85,0,2024-03-19
Wentworth,2022,1304638,0,0,0,0,36020800,2365000,72890800,3121900,8516000,0,0,0,0,9151900,0,0,133371038,0,133371038,0,70000,62900,133238138,2684282,51000,2633282,20.22,0,2024-03-19
Wentworth's Location,2022,260587,0,0,0,0,2879100,0,4528290,86810,0,0,0,0,0,145100,0,0,7899887,0,7899887,0,0,0,7899887,72163,,72163,9.16,0,2024-03-19
Westmoreland,2022,1737034,129962,0,0,0,54560700,6498800,124396500,524400,10240800,0,0,0,0,2627330,0,0,200715526,0,200715526,0,75000,868285,199772241,4102140,17400,4084740,20.55,0,2024-03-19
Whitefield,2022,737956,0,0,0,0,44587800,5941900,122361190,8100230,40281010,0,0,0,0,21791800,0,0,243801886,0,243801886,15000,316260,0,243470626,6160912,57500,6103412,25.42,0,2024-03-19
Wilmot,2022,778642,0,0,0,0,67118200,2972900,142722723,1082500,6933500,0,0,0,0,4521000,0,0,226129465,0,226129465,0,215000,505990,225408475,4800057,31450,4768607,21.32,0,2024-03-19
Wilton,2022,1444117,0,0,0,98700,162954483,17847100,345098200,577600,27079100,0,275100,0,0,8002000,0,0,563376400,150000,563226400,15000,795000,970000,561446400,11591081,152000,11439081,20.66,0,2024-03-19
Winchester,2022,1412195,145,0,0,0,80841200,10053900,147265775,16100000,48502600,0,0,0,0,41104769,0,0,345280584,19122,345261462,45000,1479800,766050,342970612,9792287,152750,9639537,28.70,0,2024-03-19
Windham,2022,71880,20,0,0,0,1034786900,93779800,1858684125,0,109028065,0,0,4296100,1385300,29643500,0,0,3131675690,600600,3131075090,45000,10518300,206000,3120305790,61612027,274500,61337527,19.76,0,2024-03-19
Windsor,2022,271562,0,0,0,0,12887400,1337700,14652200,956700,6193900,0,0,0,0,794400,0,0,37093862,0,37093862,0,0,0,37093862,124985,7400,117585,3.39,0,2024-03-19
Wolfeboro,2022,1394623,9636,373800,29700,0,1147191500,54836000,1069308511,14028100,138717900,126974,0,0,0,360800,0,0,2426377544,300000,2426077544,60000,4996900,272500,2420748144,32001817,224150,31777667,13.22,0,2024-03-19
Woodstock,2022,138741,0,0,0,0,51475410,12248210,191614660,5749650,21628200,0,0,0,0,7250300,0,0,290105171,0,290105171,15000,619720,0,289470451,5311113,47250,5263863,18.38,0,2024-03-19
State Totals,2022,206583841,1378324,2920732,608630,198203,64754977636,11110423910,116029383080,2519651422,28088100646,5217949,1093682,300960284,1254086627,8041197989,684500,0,232317467455,190379563,232127087892,25431540,1098962838,176153452,230826685062,4232726468,33310139,4199416329,18.19,"21,000",2024-03-19